-- phpMyAdmin SQL Dump
-- version 5.1.0
-- https://www.phpmyadmin.net/
--
-- Host: localhost
-- Generation Time: Jun 12, 2021 at 02:27 PM
-- Server version: 5.7.32-35-log
-- PHP Version: 7.3.28

SET SQL_MODE = "NO_AUTO_VALUE_ON_ZERO";
START TRANSACTION;
SET time_zone = "+00:00";


/*!40101 SET @OLD_CHARACTER_SET_CLIENT=@@CHARACTER_SET_CLIENT */;
/*!40101 SET @OLD_CHARACTER_SET_RESULTS=@@CHARACTER_SET_RESULTS */;
/*!40101 SET @OLD_COLLATION_CONNECTION=@@COLLATION_CONNECTION */;
/*!40101 SET NAMES utf8mb4 */;

--
-- Database: `db0y6oahjhailh`
--

-- --------------------------------------------------------

--
-- Table structure for table `challenges`
--

CREATE TABLE `challenges` (
  `id` int(11) NOT NULL,
  `hunt_id` int(11) NOT NULL,
  `chg_name` text NOT NULL,
  `description` text NOT NULL,
  `points` int(11) NOT NULL DEFAULT '0',
  `puzzle_page` longtext NOT NULL,
  `puzzle_answer` text NOT NULL,
  `multi_answer` int(1) NOT NULL DEFAULT '0',
  `chg_type_id` int(11) NOT NULL,
  `chg_image` text NOT NULL,
  `chg_image2` text NOT NULL,
  `chg_link` text NOT NULL,
  `status_id` int(11) NOT NULL,
  `created` datetime NOT NULL,
  `deleted` datetime DEFAULT NULL
) ENGINE=MyISAM DEFAULT CHARSET=utf8;

--
-- Dumping data for table `challenges`
--

INSERT INTO `challenges` (`id`, `hunt_id`, `chg_name`, `description`, `points`, `puzzle_page`, `puzzle_answer`, `multi_answer`, `chg_type_id`, `chg_image`, `chg_image2`, `chg_link`, `status_id`, `created`, `deleted`) VALUES
(5, 2, 'Movies of the 80s', 'A question - password', 500, '<p>So you figured out the last one and got your laptop back. Good for you. But, it\'s not over yet. I\'m back with a vengance. Don\'t get cocky-- now it\'s time for my movie challenge.</p><p>&nbsp;</p><p>I love movies and I love the 80s. Watch my little movie and see if you can figure out the password.</p><p><iframe class=\"responsive-iframe\" src=\"https://www.youtube.com/embed/lknyqSNXiE0\" width=\"100%\" allowfullscreen=\"allowfullscreen\"></iframe></p>', '4830621', 0, 2, '', '', '', 1, '2021-05-26 05:06:54', NULL),
(6, 2, 'Don\'t Play with Matches', 'Matches - 508', 200, '<p>You might get burned on this puzzle. Move two and exactly two matches to make the largest possible integer number.</p><p>&nbsp;</p><p>Oh, and before you get cute because of the last puzzle, I\'m setting a few ground rules. You can\'t flip anything upside down. You can\'t break any matches and you can\'t make an equation or an exponential number with the matches. Just a plain, regular integer number I could count on my fingers and toes (if I had very large and unusual hands and feet).</p><p><a title=\"Large Scale\" href=\"assets/uploads/challenges/2/matches.png\" target=\"_blank\" rel=\"noopener\"><img class=\"img-responsive\" src=\"assets/uploads/challenges/2/matches.png\" alt=\"Matches\" width=\"1000\" height=\"768\" /></a></p>', '51181', 0, 2, '', '', '', 1, '2021-05-26 05:07:20', NULL),
(7, 2, 'I Love Poker', 'A question - Poker', 300, '<p>Get to the heart of the matter and you might find a triple play.</p><p><a title=\"Large Scale\" href=\"assets/uploads/challenges/2/CardScramble.png\" target=\"_blank\" rel=\"noopener\"><img class=\"img-responsive\" src=\"assets/uploads/challenges/2/CardScramble.png\" alt=\"Card Scramble\" width=\"800\" height=\"800\" /></a></p>', 'trifecta', 0, 2, '', '', '', 1, '2021-05-26 05:07:45', NULL),
(8, 2, 'Math Matters', 'A question - equations', 100, '<p>Let\'s take a break for a little mathematics. These equations may not be calculations you\'re used to.</p><p style=\"text-align: center;\">6 + 4 = 210</p><p style=\"text-align: center;\">9 + 2 = 711</p><p style=\"text-align: center;\">8 + 5 = 313</p><p style=\"text-align: center;\">5 + 2 = 37</p><p style=\"text-align: center;\">7 + 6 = 113</p><p style=\"text-align: center;\">9 + 8 = 117</p><p style=\"text-align: center;\">10 + 6 = 416</p><p style=\"text-align: center;\">15 + 3 = 1218</p><p style=\"text-align: center;\">?? + ?? = 123</p>', '1211', 0, 2, '', '', '', 1, '2021-05-26 05:08:23', NULL),
(9, 2, 'R-Tists', 'A question - with ', 300, '<p>I am amazed at how many artist\'s first or last names begin with \"R.\" I tossed in a couple of extra in the list. I\'m not a fan of art. Reveal the two word password to move on and discover who I really think is producing the art. It\'s medieval, but it makes sense if you think about it.</p><p><a title=\"Large Scale\" href=\"assets/uploads/challenges/2/R-TistsPuzzle.jpg\" target=\"_blank\" rel=\"noopener\"><img class=\"img-responsive\" src=\"assets/uploads/challenges/2/R-TistsPuzzle.jpg\" alt=\"R-Tists\" width=\"1000\" height=\"768\" /></a></p>', 'adeptgolem', 0, 2, '', '', '', 1, '2021-05-26 05:08:41', NULL),
(10, 2, 'My challenge', 'A similar photo', 200, '<p>Find the similar clock with the following picture.</p><p><img class=\"img-responsive\" src=\"assets/uploads/challenges/2/Old-clock.jpg\" alt=\"Old Clock\" width=\"600\" height=\"600\" /></p>', '', 0, 1, '', '', '', 1, '2021-05-25 08:19:50', NULL),
(11, 2, 'My challenge', 'A similar photo', 200, '<p>Find the similar clock with the following picture.</p><p><img class=\"img-responsive\" src=\"assets/uploads/challenges/2/Old-clock.jpg\" alt=\"Old Clock\" width=\"600\" height=\"600\" /></p>', '', 0, 1, '', '', '', 4, '2021-06-02 06:18:38', '2021-06-02 06:18:45'),
(12, 3, 'Challenge 1', 'Sample Challenge 1', 200, '<p>Hello Sir.</p><p>How are you?</p>', 'Thanks', 0, 2, '', '', '', 1, '2021-06-07 06:31:35', NULL),
(13, 3, 'Jason\'s Test Challenge', 'notes to Jason', 100, '<p>This is the source of the challenge. I can put HTML here.</p>', '', 1, 1, '', '', '', 1, '2021-06-09 07:07:35', NULL);

-- --------------------------------------------------------

--
-- Table structure for table `challenge_judge`
--

CREATE TABLE `challenge_judge` (
  `id` int(11) NOT NULL,
  `player_id` int(11) NOT NULL,
  `gamecode_id` int(11) NOT NULL,
  `hunt_id` int(11) NOT NULL,
  `chg_id` int(11) NOT NULL,
  `chg_result` longtext NOT NULL,
  `points` int(11) NOT NULL,
  `status_id` int(1) NOT NULL DEFAULT '1',
  `submitted` datetime DEFAULT NULL,
  `deleted` datetime DEFAULT NULL
) ENGINE=MyISAM DEFAULT CHARSET=utf8;

--
-- Dumping data for table `challenge_judge`
--

INSERT INTO `challenge_judge` (`id`, `player_id`, `gamecode_id`, `hunt_id`, `chg_id`, `chg_result`, `points`, `status_id`, `submitted`, `deleted`) VALUES
(5, 7, 5, 2, 5, 'ok', 50, 1, '2021-05-27 06:46:22', NULL),
(6, 7, 5, 2, 6, '51181', 200, 1, '2021-05-27 08:09:52', NULL),
(7, 7, 5, 2, 7, 'ok', 0, 1, '2021-05-27 08:09:59', NULL),
(8, 7, 5, 2, 8, '1211', 100, 1, '2021-05-27 08:10:05', NULL),
(9, 7, 5, 2, 9, 'adeptable', 0, 1, '2021-05-27 08:10:15', NULL);
INSERT INTO `challenge_judge` (`id`, `player_id`, `gamecode_id`, `hunt_id`, `chg_id`, `chg_result`, `points`, `status_id`, `submitted`, `deleted`) VALUES
(10, 7, 5, 2, 10, 'data:image/jpeg;base64,/9j/4AAQSkZJRgABAQAAAQABAAD/2wBDAAEBAQEBAQEBAQEBAQEBAQEBAQEBAQEBAQEBAQEBAQEBAQEBAQEBAQEBAQEBAQEBAQEBAQEBAQEBAQEBAQEBAQH/2wBDAQEBAQEBAQEBAQEBAQEBAQEBAQEBAQEBAQEBAQEBAQEBAQEBAQEBAQEBAQEBAQEBAQEBAQEBAQEBAQEBAQEBAQH/wAARCAIyAu4DAREAAhEBAxEB/8QAHwABAAEEAwEBAQAAAAAAAAAAAAcEBQYIAgMJAQoL/8QAdxAAAQQCAQEEAgUOFwsIBwIPBAECAwUABgcRCBITFBUhCRYXMdMiMkFRU1RVWJGT0dLU1goZGiM0NlZhc3V2gZKUlZaXoaOksbO1GCQzNTdScXSisrQlOEJXpbbB1URyhoiY4fAmQ0VihEdlgoWmwsRkg4e3xv/EAB0BAQACAwEBAQEAAAAAAAAAAAABAgMEBQYHCAn/xABmEQACAgEDAgMDBQkLCAYFBBMBAgARAwQSIQUxBhNBIlFhBxQycYEIFRYjUpGSodEXGEJUVZOUlbHV8CUzU2LB0tPUJDRDVnLhJkVzxfEJNTZXY4KioydEZYOFssLWR2SltbbG5P/aAAwDAQACEQMRAD8A/Menv+/0/P8Alfn4iSLs/HJ2r69T7QVaV5NTs6tk1WQdhfjXYcUTVsylhkgYtalSTJEATAc6Kacpz3AtKDj829EjrETP+OtBI5Dt7KrhuaqghqaGw2I+zuGnvCHrqx4zS3vbWiHFucxhCS92IaRysjejWuerGuRLdueqx6nYhii7DTbTXWVZFa1t5RNs4wDBnlGV8qNhuK+rsIZRj640WRk4bEcsKSxOfFIxyomI4iZFU6htl+O8yi1fYroSOZw8hVTSWVkOydrGSOgfOGNNE2ZrJI3ujc5Hox7HK1Ec1VRMfex8b3Me1zHsc5j2ParXse1VRzXNVEVrmqio5qoioqKip1xE44iMRGIjERiIxEYiMRGIjERiIxEYiMRGIjERiIxEYiMRGIjERiIxEYiMRGIjERiIxEYiSQDxJyBZUzbwLXiSBZowpwoo5B3l2Q5tfZ2qSVwrZllLmHraySwKAha6yiryBLFQ1AnaTldy7S5YBVG4kg9vzfAmvcDIJ2kX6tt+pjVD43YqWyTQb+Ie8erBpDNdDCs7SuGJjMnjqrC1rKMWwGIDdOBYRPtrisCdGAWTMyQpFdGiQk+BBcLvLeyqYzlY9/YAstQs8Dkj6XoAZCsGvbyA/lk/61larv8ASG3sB6g1zLr7ke+IPZSvpXRy1aPdKKpYTpSUhckZTK50ZL4bEoKbvjGAByzHDmQkBPH82KVBDIPtFTwdpcH0Kh0SvrJcH3UDJJATzL9nzFxXR+kyO49PdjM7oOIdxdRe2IyAOsrlTY+6ppkTZm+1cEY2xeVHCsvo8eVxY9eCSc6CEy1nHr4XOIKGbNKncVr6LbhuNgAqpaqq7IBrirFEwTWQ4zwwCGu9h22KQRY+kQPfz2lik0Da2ihHRVjiRLDybRJoJx1dPKZU19ykcY75WFPSAS0DaRO2BRYyJPL+Osqd3LlaAawRt3Egjj2gtH42y/pD3GrujIyowpn+iPfw5+zjG/evo/EXcYuMNpcMwomAcKGRkhTZZSYp4HVYo8RNpbNKBcWO4OljIFS3/HUnClIZDJD4sRLIICsWVSAN+R8aWRycaocn1bDkUG6u7F0awnINgdeQyb1PIsbmVRzRBYqwF+4ntMXqtbubohRa8NHTejibZrSiQ61klaG17yi4JbIgSGeKCOOaWTwZJHNhgJmVvhDTvjoWA+JpiB79gJb8wB7zKAT2+H6+0yo/ibfgD5a51C8ueM6xr0WuNAPjlIqzBQiUY4YqRzWulOAkGWZkSlCHBmDtkFJildQ58QFl/VR2bu2Rcajgersq/bZ4BIrf0f8AXFj4it39g9an2XiXf47mDX46CYm5mAfYeRHIEkc1kUkzJhkn8wgs50DIXzzhizzkRDo+Z8aRwzujzEEeWD3yKrIPeGFj04+N1UouRWDsD7KZGxk0eSt8j1o0ZRycZ7xBBXEEUbhm21WTd1sRVhVCmGVAad4yygAIOjOcGJE2cgqfy6RjiB2BkysFrT5hqB1NEG73Vwf4NbvT0sf7PWXDAmgeQA1fBro/btP5pjr9euo7J9QtcQ49lv6BWKJGTxut1mWBoERULpBJppJUVIvCneyVnSWN7olR6y5GO9/s1tv1reNy9r7g38PWjJX2vo89/wBV3391GZtHw7yDKDIeyljfG02sChZFZ1UzjEt6yxtgDg5YDZBp6soStm8nZNn8lYEyQiV0xZSvhZNUHJ4CBS1+gZFyA/H2GRuOfaqrDAByARzbFRXvB2m/d7QYc/kk9qlDUcXbpeAE2NdWjSwCoSj2OtqmMp0gNtW09jEgbzUJhdWkWoRNi8qIeAGslS0JljAdHO8x2b93GwsrfApe4cd6o9r+ExnIoOMX/nCoX0vd27+/3fnqdlZxTvVpZlVTKVwk4MhsJ8tgWEGKHJXkeTLZMROQ2NXxFKkHhxLLJI9esTHsRzkHgkHuDR+FNtN1fY8cXfpKrnxuAUbcSCVABBNKX43ADkA1dCU5HGG9COL83QSCRBCTHElFnVYoEYg5MIk0yWM5sYEjYySIoXJES93iOVEavdf3YsAsL5QEt/qgd7+r3d5dciMoZTak0DR5JND0/X2lDeaTd65VjWdxFGEhR0gMAsznNnJWJkkry69/d8tbVrYUGmdaVc5lcsdlWOjKkUxiNlfaVmHZWVT9bBiPzhT74DgsFHIIc38UKCqP/i7/AA+MxDEvGIjERiIxEYiMRGIjERiIxEYiMRGIjESrrwDLU8Grrh5DLCyMGAAEhRFmKMMmYOKPEiqiLJPPIyJiKqIrnIiqnv4iSvDwVyGVU1NqHWCmMtS7iFIQ7SrLUYWnqqe5ksHkjGyhkQEA2z5IYApyTmvrTopRY5WxRyomJ7px/sugTgjbMDJXk2C2qjDzwkjzuiqbcymlIWIqCCTy5BIUsocyNVhAzo5Wr0d0RE66jRL++143Y6mGIsWuLmGOh8xAPMNDBCDI4x7ipIIXwrJYCjtjikeS6V/VIVja97UTKPcP5L8Nrk1+NXrO6FU9N675dnduWa53nn+l/IMeuwP9EeA8hsyFp0VncVH4iUo/DfIk6Ol9AL5OJ3QowexqLCEVqVi3bnytr7AqVe7TtdaJHGx8sgLVIiY9idcRMEvamagurajJlimJp7EyrKkg7/guKAIkFJ8JZGse6Ns8UjWPVre+1EcidFTETKAuMN5sa4K1Bo0JBsEr3CvitKVZ1ba2oNLWunDWxQ0Np1nYhDjKYPAkrZ0JavlGSTsRKfb9Du9KioprhsaRbFWx2tZJG2dIyQZhxCYih5JoomFCTRGxLAYMso06tlSKR3hquInRqmj7JuZUItCA8x8pcYaJErZiXSOieRN5OrgWW3tniiRSmEDUwFgXGPGr0HVXxteiU2y6tZ6vJWNsWt8O4rnWYEiNmhe6GGxsKcyEgUmOEoMsG3qrKuLGJhjkZOI9zPEhfFLIiXbXuMt72sCC013XSrWvIsH1cZQ5ADY0sIxpzJBpUmLieO5gw8kyunbFH3VhTv8AeJHSVEvDeHd2SvJsSQIgYQGPnsULIgRQgkorHY47CRYJJ2yBTVlc98c8auY4gqvFRVmNha5EjcAEuzOCrQIXEnWBY4IQ7VY105ZczBx4WukcxjXSzSMYivc1iK5Fc5E6qiJnj+Jt8hikIIpY2DMpCNj8xDb0ZkclIPXCWTrWHydnOs9b4VgBE8+FJBYSS4xZZGlNkgaiXKfhLkSKzsq0eoGsm1NtZ0xp1XcUxwcR1Q8Zpw6rCeszSo2mDSR18kLLIhsqMgEklbJGxE42HDW61JNtHZBMCCq47mdLidX+iSBqYOI6Uh5sTJY6+MwcyrZXts1DmMMuaoGCJ5RXhsRIxDFlOLFChWNJiyIRollkZDEkk8jYmLJLI5scTEc5O/I9zWMb1c5URFXESVbjhTdKaIWWQeE90xhgswtTJHZ2MDRU1xsZkdaHJKecCaRtFWKKQCPO3xpUbOkDnNaqJGt5UFa/d3FCcsam0lpYVBixKrolKrS5gyFjc5rXOj8WF/cVzWqreiq1F9WIknVvBu/H68fsT6uSAYNaVww0aNsDbOC7r7myjlBhr5Ce/IIPT9CwHuZZskPBjYE98jmtRI62bXrDVLyw1+0ajLCtkjiJYjZGKx8kERCMfHMyOWORjJmtlikjY+KRHRuajmriJsN/c2uO434v2ah2xllu3JVRsuyj6eRV+jwA6LXthI10ju7E86Ydx0LxH2c6nD1w0gZTYIHqQH1P+yZPkqyajpXQ8vTdX5nVOp9JwdYzafPkUYU0uUK2Q42GmxAHCr7nV9Q7EIwx722g/A8fyzjSdZ8Q4esaAYujdJ6xn6Jp9XpsTHO+swhgiZkOtzMwzOm1HTTY0U5FOQooYjWmzCWtsT65SBy1AMJDUoRZHCkKNM+FZh3SxwyuhkVivjWSKN6sVFcxq+pPj2VDiyPjJDFGZSy3R2mrFgGj8QDPu+DKM+HFmClRkRX2tVruANGiRYujRI9xMxj2xU6f+mfzcr4DKTLMgsOSyraAoWy2Q40Y2cIkgchhT4FnrhXBAPihUfwx0ECd5SBgzYmRitYO1qRRxsaiY/7Yaf58/m5XwGIl6oeQ/ayc+xpbhQyZRC6+fvAvJHKBPhcOYEYIWHOIWKRE5WywEwyxOVGu7vfYxzUTjc79BeyByWBwnSvCSvChBpoasUYNCizfBiErK8QZqOLOLne/wvEfJO9Xvd6kREs/thp/nz+blfAYiPbDT/Pn83K+AxEe2Gn+fP5uV8BiI9sNP8+fzcr4DER7Yaf58/m5XwGIj2w0/wA+fzcr4DER7Yaf58/m5XwGIj2w0/z5/NyvgMRHthp/nz+blfAYiPbDT/Pn83K+AxEe2Gn+fP5uV8BiI9sNP8+fzcr4DER7Yaf58/m5XwGIj2w0/wA+fzcr4DER7Yaf58/m5XwGIj2w0/z5/NyvgMRHthp/nz+blfAYiPbDT/Pn83K+AxEe2Gn+fP5uV8BiI9sNP8+fzcr4DER7Yaf58/m5XwGIj2w0/wA+fzcr4DER7Yaf58/m5XwGIj2w0/z5/NyvgMRHthp/nz+blfAYiPbDT/Pn83K+AxEe2Gn+fP5uV8BiI9sNP8+fzcr4DER7Yaf58/m5XwGIj2w0/wA+fzcr4DER7Yaf58/m5XwGIj2w0/z5/NyvgMRHthp/nz+blfAYiPbDT/Pn83K+AxEzCu5ivagOKvq9wtAAoGqkAwnmoI4XOHmFdLCkY7ViIcKRMO4litIdBI6JZVZ8TlSqlShAKnup7Hm+R9cHmr9Kr4V2/wAfb3lIXynYGwkwE7Oc+E148hbGsJhQhRHjyitlWEaNXxQTCjERQqvgsJgiJaxJ2NkRsWmXaKddrCuGWttEeo28fVIAAqhVNvFcUxNlvrJ5JlxdzTsbnzPXdLdHztlSRW+aZ1WdyPmexGjIkU0kieK+aJGTOlV8qv8AEe9zpIBu/UFT8QSCR9Vqp+sCTZC7QfZsNXpuAZQfrAZhfxM4n8zbBaCyA2O42hgU3m/EEIaRIM5TmCRlv8BRfDbJOwARHyNakn4w1UcjlcrrWaq+KIr4EgkfUSBcjaLuubDX/rL2P1izRnEPmS+AFECD3G1gEAfDIGO1CliHeOE+ugdGxwzkTwApZBokXqkcb3oxEVyqtaADACgxtgOAT7PJ+PsL+iPdLMxcqzEsygKpJsgAuQAfgcjkfFm95lORy1cFpIhO3203i15VVKsjzldLXHB19cYHK7we9JCSBVVoczXq7xBwRonKrImol97ccn2S7D4NkCBz9bDGgb3hR7pWht2/waAr0pWZh+ZnYj4sffLVVb62jeY+puyAHWIT60/wISUaYBIQMW8Qljh3MmgcSGKR4b2q3xh4ZERHxtVKULuuQGA+pwQw+pgSDLbjRF8GrHoa7fml/j5n2GIgoqPdblpJrSWlTo83xZkMaGwlXPWBXI6VtcCivarXp5SBWuasbVyi4cSMWTGqsQqlgOSFKlRf+qVUj3UJHu+BJHwJuz9tm/jzKZd0tpD0t1vT1sfLGitPSUhpSDWbTEPiSVGo9rC22J3jIiorvNTdfW9cysS4Ib2gV2m+bWiu3n0okV8ZUKq8AVyW495IYn67AP2TI5OYN7lkgmk3W9fOLIZKNO4mZZx5LAiUs18M/c8WJxJE88kise1V8aVidGSPa6Bx245LfaQAT9ZCqPsHukgAGwKJFWOOLJr6rJmIv2Ml9q68dZELbvPW0dYosqFLYOnUpTPFaxFSdSFWbvp0Xv8AxWH/ABm7f7W6t183tG1fzDgSykqQV4I7TLi+WtrLOiP9OzjPjr6OtdAM2aMOcegr5q8LzAr/ABIpHPYUeRO1EbCpVibLBDA2RsccZB5mM4iSEOMY6B5rYqE82LIUE8VfpXEvjyNjZDe4JlOUI1ldzNuqgV4HYc2ABzdk9U/K23TI+Nuz2I47h7AKMQV80Iw9fakkFnVw7Uar2AkEFETSDq9zZJZXyyd+V7nrkdy7OxoDIzsyj6N5CxYAG+DuI+rvMJRTtLDcUKlSeSCoAU/WNo/NKOXknaJ2sbLtFq9I5iiG9ZpkXxzC2nlSucjEc+SYxjSHOerl8ROqKidUyoZhuokbvpc9/bD8/wD24Df+IAyAiLtpQNn0K42+wcfHu/Fsyf8AhJHrO0bk/bhB1EH2y4jFUUsLy3mJ3wIKejUNgbFIxzGxlIxqTtaieIneR3VHORYItmY/ScsWPqxf6ZP/AIvWTtXaqUNq7dorgbDa19R5EtlxutxsEQ0N3dmWcYaK0Rpffl8rGqvckI6rH3oR2LI9Yxo1bBF3lSONierJs1V8cfquvzWZNC91Ddzz681fPx2j8wmHG7JS18jYjDfBkezxGt8uXJ1Z3nN69YoHtT4pqp0VUX1denTpkSZR+3PWvol/Mz/uXER7c9a+iX8zP+5cRHtz1r6JfzM/7lxEe3PWvol/Mz/uXER7c9a+iX8zP+5cRHtz1r6JfzM/7lxEe3PWvol/Mz/uXER7c9a+iX8zP+5cRL4ywEkYyRk3Vj2te1fDlTq1yI5q9FYip1RUXoqIqfJRFxE5edG+a/7En2mIjzo3zX/Yk+0xEedG+a/7En2mIjzo3zX/AGJPtMRHnRvmv+xJ9piJ3D2rRCIChSpByRpoiB54fGjmgnhe2SGaKRrUcySKRrXse1Uc1zUcioqJiJmVrzlsxUoDJtmIBlqa+SugQGEqHohQgoZxaqkcrYzbIMMKA+cVYGzxiwM8NiNVFRMKst7bceD6UvCjvLvNkg8ywyXwpLEyaxOezvQ+pxRxE5U6/wDTmle9fW5cRLjScon65DKPRbRYVcM0iyyRCIXGx0yqO7xungL3ZUcIM5srej2OgicxzXMRcRLmnNWythUdN4vEgV/irEkx/cWT0ymw99U8H4704iWnX3/Ook3x2IlC3li1Z3lbtlkjnRSQd/oWsjYZQRK2WOORR1kibLXgBhS+G5niCjxwP70ad1UTHzNtBsCyjzbOQo04mcwsmaEt8xBRMrpiJ5XrB1fJNK98kjl9bnOVV9/ETJKzl25po1hq9vtAolgGG8OBTGsSAKUecONGrAqIgswgsw6oiOhlHikjVr2NVESz2e++mlidbXpdgsLpXQqU02bwlmSJsiRd6FfDYrIII2sZ0YyOGKNjWsja1ESsoeTjdXe+TXtmsKeR80JCygIZBK2eDvJFLHKyDxIpGte9ivicxXxvdG9XMcrVRKK23tl6RGVb3RB88UDRoXzxFKkA7HyStggjaO2OGJJZZZVjiYxqzSyyqiySPc5Erqzk8+mrSaer2ixBqjXyyF1w6msDJkn8mkz5h/BWKR0ra8JsiuavfYNGx3ViK1UTtI5WtCozYp9rs3w2ADqs2FFNZETXOlr5lBkiZC2NRPEqq5yQI1I2oHA1rUaxG4iWATbAAShjg7KQYsMiEoUiGEtko5I8jZoJonpB1bJFKxsjHJ62uaip72ImTs5gvIxEAZuNu0NoTa1o/fNWNK5oUNegCIsCqgShjjwOF6+A9sELnRq+NjkROyXmS+nm8xNuFnJOk1iUkz2EOkQu2fFJZGNeoveaaY+GF0xiKhLliiRJUSNiIiU8/LVqUOQITtJ04pbipCR5YZpIZ5jfyWTJG4VWuLI6qkhap5lWqrfF7q9MRMbF2uuCJHMFsHQkizxEjzNHJ70U8D2yRSN7w6p3mPa1ydUVOqJ1RcRMvfzTsUo/lJtztZxu8jvAIQmeNVawKNEc2YZ6Ob3a2u6sd1Y5wIj3NV48TmImJnbcFZGmWJ9pKWceUQaaVPCW+YksqV85JEz1g6vlmmkfJI5fW57lVffxEySHlq6bVya8PttnFTlwRAzVUPmoQp4GRFixRSwMgZE/8YPLhWR6K90ZEjXvVvToidBxh1mVIaeRKWXMkaSkTv78siQxMgiRzlXqvchjjjb8prGp8jETPi+WeQTdJpOPZr2Rmsa/GWPWijjiClMBNPfay109iPDGaTXts5ZzmCzzvZ483WTxGQCsH97rflH8Ta7oPTvDzalMGj6bhw4MWTTnUY9Rlw6dg+FM7tqXxOMbqjKFwoAyKRW0T5poPkn8IaDxL1TxQNJk1Wv6rmz6jNi1fzXJpcWbUqyZ8mnRNJjyozo74yWz5LRiDZJJkbs2dlLtD9s/kK7467POiycmb/U6rZcgXdVNtul6rLFrIF3Q0NjcyW2/bLrNUU+O52ikFcHBYz2cynqREJIMMZOP4RmZ2Z2JZmJZmPck8kn4k959JRExouPGoREUKiqKCqBQAHoAOAJoQxiyPYxvdRz3NY1XuaxqK5URO896tYxvVfW57mtanVXKiIq5UmgT7uZcDcQOOSByQBz8SQPzmZZc6Rd0S2iHza6/0RIRGZ6N2/VLlHuGvjNbkUFai5OS0YtkARJDJW+aYRUqNfwOkozQ7GexRgXB2g4ywPtqb2sqErR9rlxW27FsLCsQIoIfywp+rcrML9RW0g2AQSAaJAMn8Xca63tdC+2vHWkksjuUEiiAMgEZCnHvEtryKMjlkCLWX0maBFXEL8R5cRz5okfKqImxotMNVmOM5AgDBTxZ50PVNXu7ji+nrj//ADv1XtDTr80+cbjuPznj0HkZulYlv/xffB2PwxCu5rF+ZdGq+PNzBoacgwkCw444Z3lqnPikIHJ5P4e0Xko+v8WGKFksFWfthNaJMsTJJhBIJZmpM9+YsuMIMRBvzMQyEe4l3Wv/ALix8CPrODLj8rK+PcG2+WQwFfTxY8nvPYuR39JFWYpjjERiIxEYiMRGIjERiIxEYiMRGIjERiIxEYiMRGIjERiIxEYiMRGIjERiIxEYiMRGIjERiIxEYiMRGIjERiIxEYiMRGImex/4OP8A9Rv+6mIl/wBd14/ZrF1ZXuGjljAtLSeYyZBxhwKauKtbAiWTuveqQhBzyNihjlInejYR4ZZpGMWLAIBNbjQ932yQLDn0Rdx7dtyrxZF2WA4s+vYEiZ5uzbvg47YyCKKC7bsDqAqmktBeokk5GuBVE0p8csg7/TZu01MYLImvhjFnU0woaKA1BAO5d60Vtubr2VYIWpqP0ztqrPfsQZUkhlUigw4J/KIuv0eSe3Nd5h9XxBtVpQs2JJ6OvAcEtk5lpaNDLir2k2wzjZRlikeyFi0lnNJ1+LiHHbNKxjCBfHkhwMh28YsWoysbH0NNnzabKw9Ttz6fNjoWW2blDIysZFk1Xohu+LfGmULfa9mRTV2LogEEDMKzs7bROTZB3lvUUBNdZ0lM9HePbQss7q80uriELmrWyqOqV+8010NNDGYOXB5gPxYDRTYxMJzVlxJVrmzeQD7smwZDx3I2sPcCezXYmFsyjFkyL7RxYcudl5BKYlZiAa7sUZQaNd9stVh2f+QKyIIoiOnkCOLiEYSLbDTrBLLrZe29wqBFbLBKygDlMfE5vebIsYir5h6sbdHGTGMiUQVRqsA05AHejYvkVfvA5mY8I78UgJ7jmmCED1J3EDgE+tUCZTJw6bByBq2hWd9X1kmz7hYaiy3mHIlEClA2STW0OlhhV8kkRRLElgiR8fdSRjCZh2JJPH1ei6DH1bqXT9Dk1KaTHrNYNK+oyLa4bIG4i1uyQvcAbrJoGbPScOPqfUx098y6dRjGRs7C1F4s2XbRKi/xJW91WfQijeub+Gdf4kbrjajkml3wm5SyeXDVCpA0EcadqV5rZYjj4pYbEZ7ZHQPkjIEkaiPa9kzHN9T4z8J6Hwzj6c+k6vh6m2sbVLlXEFHk/NxgKsSuTJw5zEAH1Q9/Toda6Zh6ZmwY8OqTVDLibIxUD8WVfaAaZgdw5Hb6J+zT/aYmT3NbBI+Rkc0UET3wwqRKxkhUjHPiHR8azyNaqqyFJI1lciMR7e93k8Blc48bOAGK+hIW+eeT612HrOQi72C3V8XV+nuH+B3kz9pjsyXPZltNWpNh2qs2ix2wS8vQJaGrtB6ofWRLd1VRSWBlrGIXXbmf5U4rauPLGtD2Pjhzqyn25gmzFWdHSZGpcK579hwXT2SGOPaCGdD7eNySQcWRVyqACyAMpONCzZnwUN6bFamUr5jCyquDsdACKyozY2NgMSrATho3savO22bAFr9pa6Hr5dpX76LVjRbTU3lmXyDpPEe48tM4zkDFNGFBv7Gu1CevIszrMfXaxS4C2Wli+atBtKuXTH5xT8QuPK+XLdrjGPE2QA1d7toFjtd1xRpkyFADt4ObTYlNj2hqBhcN8KxZQ9Gia2im4EVz9i7lev21dYt7LSwAoqqmvSdwiui7LUIqm33ix0B6su6+rmFfdBXtLdp7VpXD7Jax1JcNBWWxyRiSTl3Ys66cqTkbEcwAP8BXxoSSLUf5xaBILGlAJMhcytj1GQf/AIv5oZWJUk41yNxYHDDGRuAKrxZmZ7z7HZ2h9Jox9rWHS9h1U/bDtPAuKXbAXSvsh9c4t3MJT6oxotlVNtdL5q4x2UWM2BskAuztAPQW4q7euB1RrcLdOxdUxE5tLnXA+NsaOzFNRq9Po8bHGEOVB52qxBt2MFAd77UDOtcuoGDWposysmTIMhVqZkIxYcmZiXVTjX2MbEbnXcaVbYhTmm++xi86aiJxlFS3mkbltG81wcF/qVbcwg2GmbobzX2lOG/ar5wyRQNiBrZuy7yLsl9t4MwlHTV1bY+ZctcHXXV5m85Bo8GqYm8wzsMaguQMOfDhKrsDF2rMchUDcMeN3I2K7LtZgmHJtL2pIAcCxziOQFiLCC6xhmIUuyqDuZVMXJ2G+XK28hq9k8g2GDSq/ku7H0yQfcdkA0Eu9pNXMvAKec7XKaymqNl2bXaOxBJ2qpjgJtHnPNbR02x21NcMGbTqp3HVI+TDV0yY8z4XJNUpDICUYq9Mp2kEE41bcgyEMuMPsdtrEI20MNwoEXdWQACCCbBAotD7K1HuXMHLfFj+cdFhB4wvS6Wt3irHMsdc5GZFtftTAs9QIPmpYnVtwZNXS1pJZDUMbbV7gWmDSuLZ7jwl4U0viPWazTanq2Hpw0q4Sr5FVhmOYuq7WOVUAtbu2B+Hr3/D3ScXWdH871OpTQMMoxvgcq7peznduUNZZhQXgrZ4ImvfKWn1egcgbPp1Ls4e5VdEe0QTZAIHDDWTHCjkPcyB0s6MeNLNIHMrJ5oXzDySQyPiexc4XiDpuDo/WeodN02rTX4NHnOJNUg2rlG1WNAMwtGJxkgkFlJHBE5Goxrh1GfCrB1xZ82JXHbIuPIyLkHJ4cKGHJ4ImYBfkMT/AFaD+qZnGmGZFQ0VhslnHVVjYnEuFsj5HzythgHApq0u4tDJpHdV8MKsAMLfHEyUmZsKwiwEEyRQyUd1QWxoAMSeeFVS7HgG6VSa7nsLPEkAt2/2epAA597ED7b7AyZx+zjvM9XZGqXQMNrNgqaQiv8ASosiQw21zsWsj2ZRUcioONPstFFUgsbBM4tLFthI4QAMmdMpUjeCRaLibuOVyqrBh+mgrk+0TQ2tVSaZB+WWW+BTqCwXk82qub7DaATbLeFUnE24bDXpYVo4LmvBt7CEUo6IE8uCnmbDOgApiQvsnEP8VBH16lQSuGKifNFPA+JKEnzhgA/GF/LAJoFvcrGla/Qg0fQyHdUVmY0qrvagSQpqjSgmzYIFbiCDVES/3PBO31BZDfNUxFTBHWTJfKY8UF8NufslQBI6CeFLCPxrfU7mtRjhO+k8Yz3NQcuKZcOTUY8WTy2u/m41LEKxAxlsiHkKQWBxP7AO+qO2iLqmVXOULd4tRl05uxb4mIJFgeywAIblRdbiRKbVuITLfkrXuOtj2Go1Fbxpkst8Ukp4FcwCK1UiOeOJR18dhlOXXqkksA7Z2pN5lwyslk9D0LpKdW6voem6jVJocWry5cb6pwMiYfJTKWLAMo+liKXuABO7kd+p0nR4uparyMmoXTL5T5fMdbDKuI5QOStFlo88i6onid/NfFdNxRdUlTT73Vb020pI7QourHbDEDM6aSHwe9GWdDPBOkazDSsn7/cR7Jo2PZ1d2PGXhnR+GdVptNpOq4upnNiZ8pxKo8ll2cFld1O7cao8bT63LdW0OLp+rbT4dQupQKG8xRQ59O5+PrxNZrP8nEf6Y/6pmeNnNmT1/H+wWY9UULPrDYrlgbw0L3fTa+ZjTiNmGg9IDH3wxFS5supW6kttIg3Bwy0ZBaQj7PrclrKhmAIA5AItgO5cC7Ir6BP1FT2Zbsy7fUdmPcX7Plk8Xf8A2or3kECyrbcJyJWMRGIjERiIxEYiMRGIjERiIxEYiZHqGvSbdtetatEUwKTY72qpGGyROmjDWzNgD81JExzFkYOkyzPb4kTVaxe/LE3rI3FlyeUpbaWquB37gXwCeLs8dhLIu9tt1wxs/wCqpauSO9V9ZmyCdlgucZCxNt6wTUPJFyK4yqpI3+NoT6Z44lnBXbrbEUTLoS5jmkfbxCnhyCFTVtVsFH4F7NmYFQ+2n2vlTggBvLJAIY8APXFngc2RMKZA+DHmpgMi4X20dyrlKgnbW87CwFBbb0E5UPZZmvdmrqn27pUUlnPWAiXN7qptPYE21ldbjrkdWNTWFoMNMZJa6cQSFC68imOorAIxkMdz4uutrd5cOIcjLk8pn5C4383Dj549pfxwYOCEYKwDGmKkyB91AgqbFg0ybMr7garjyiCvLDcLHKhrZs/Zjs9Y46ud+n2wAttVoum8htrIq9ojpKTddvA08Gun9J2gVz7YAiLCA+zZTa9e6zXDKwKw2oO6IFq58uNPM82jQxY3ycggsEz+QRRqva9oX3XkArTG24EWOfxgxnvwTj8wH4igQSOARRIJqayC/kkf9Hh/rG5jlpvZ2W+BpO0pzXrHFD9y17jyosK7btp2zedpKgEptU0fjvT73f8Ad7yeQsgMJ5IGq61bS1o59hWV5Vkgg9ha1QUk9gNgzZMobFjwY/MyZWI5IAxotHJlIJG4Y1O4oGDMAQpsibGPCDp9TqsjbcOl8hXPFtk1OQ4tPiHdgcuWsYYKyoTuelBM2M3jsscRbrRcsT9kOw5d5RuuJeeNK4jV1+/RD6jkei3wXmRaHcdG9rKjFSIcXxSIoFc59jLYjbUEgqvlGcsvTx6ZM2o1WkxZDlz4kwNptqNt1LZ9dp9DjxgkbcbO+oUpvf2mrGBuYTSZ2XHjzOu1DuD/AMIqVxNlJpbYhQvNDjvc9GfwMv6u3jy11+lH3z//AHJwLmnMs/K554T5uz/a+xiI88J83Z/tfYxEy7XeStg1SCYWhvGBjTqer4JQa+wiattVz0dt4LLIIto6W1KTPUWqDpElnVyvAOQgVfCyUZsbFkYoxq2U7TwmXGORR/zebKnf6GR17OwN/MfZ5e5tntezZ2+2cTPxde0cGItxycaE2UWrXsG42G1Wa3Gw3MtrYqDUVbSSFRPBq9fqAaChqxYoo44BK2loqyup6kAaKISurABARIYRh4omCzNW4k7RtWzdKCSAPcLJNe8mVJLEkkkmrJNk0ABZPJoAAe4ADsJZfPCfN2f7X2MiRHnhPm7P9r7GIjzwnzdn+19jER54T5uz/a+xiI88J83Z/tfYxEeeE+bs/wBr7GIjzwnzdn+19jER54T5uz/a+xiI88J83Z/tfYxEeeE+bs/2vsYiPPCfN2f7X2MRHnhPm7P9r7GIjzwnzdn+19jER54T5uz/AGvsYicVsQk/9IZ/oTvfYxE+ekgvm7f4/sYiPSQXzdv8f2MRHpIL5u3+P7GIj0kF83b/AB/YxEekgvm7f4/sYiPSQXzdv8f2MRHpIL5u3+P7GIj0kF83b/H9jER6SC+bt/j+xiI9JBfN2/x/YxEekgvm7f4/sYiPSQXzdv8AH9jER6SC+bt/j+xiI9JBfN2/x/YxEekgvm7f4/sYiPSQXzdv8f2MRHpIL5u3+P7GIj0kF83b/H9jER6SC+bt/j+xiI9JBfN2/wAf2MRHpIL5u3+P7GIj0kF83b/H9jER6SC+bt/j+xiI9JBfN2/x/YxEekgvm7f4/sYiPSQXzdv8f2MRHpIL5u3+P7GIj0kF83b/AB/YxEzFmxUyMYinRIqNaip0f76InX/o4iXal35NbtA7vX9kNo7mvlWYC1qDTa2xDlVjo1kFNDfCSO90b3xudFKxXMe5iqrXKi1ZQ1X6EEEcEEG+D6X2PvBIPBj+w8EehHuMzcXtCbmFtMu4Cch3w91PYkWU74bi1iEmeX4DCQ5g4yGwSVk4wotfNWva4SWtGHr5InCwxxNkgEUBsHqEAUHkMbA49pgGb8puTzHuvmronki+9e73cekxcrlS0N8dDd4vi0KhkGKQq7tiPMjyqUso8/izv8aGRTTVkik70b1LKVzV8xL37s7MSSa3LkUgcLsy5MmbIlDjY+XLkyMv0WfI7EEsSQ4AHNAggHnlQFU/WFUAHuAABwBLonN+3NeHI3k/cmyV0ZkVfIm1bCjwYrGwjtrCMNyG94aM61iiszGQKxpVhFGbOjyWNkTFsXcrUNyOcimhYcgLuBrhtoC2KO0BboSoRBdKo3IcbUAAcZu0I7FDuNqeDZscmdcHNW1ChG1g3Je3j11kO0Wxr4Nov4QrAVkEAzBjRIzGwFDsGGGHbDPHJG2AeCJGpHFG1tgqr9FQPTgAce7iSQCKI4Pce+23G/rbk+8895jhu8xWUiTWOwlnzJOUUkppZhUiEnEOLNIR87pHJOYU95JU3XxCCHumlc+RyuW6M2NlbGzIytvVkJVlewd6lSCGsA7hRsA3xCAY3OTH7DsArOnssQAwALLRIp2FE1TEdiboF2Snd8dYRr09SdfEXonyvW3LZM2bNXm5cmXbe3zMjPW6rrcTV0LrvQuXZmc27MxqrYljXuskmpg+zWQxR4pAJPf8EdiJLEr2ujlbNI9qtd0a5rm9WuRyL1ReioqLmFlVwVYAg+hAPbn1sSASDYJBHYg0fziWQm1PNjZCZYGlwxklmRxElETxxlnrCp5TGSve1pJqjjqXO1ElJWCFZnP8JndsebvncxZr53MQAWN92IVQSeSABdASoVVraAKAUUAKVbpRXYCzQHAs1Jnue07z/sGraTp1zzJyVYUnHVZb0OmxlbvtE5NDrFzqzdIn1GuKltXzCagJp8lnq9XrA7oqWsoNh2anDDirththip3E6d9KfawZN2/G3tK6su1lZTashXjaQVriq4hwruGKqABhpAAMYbAmNMbhPojIFxqN/wBLjuOKy607bna6tryn2qbtMc7DbdTa83WGbhXcs8gV+22VXHtIm5Rpe7ILsMdxdFR39TrhkZdgZPNH7UNNY1yJqtGoUliWR2pnRBjDsLcqCrUzH2mtkVzZ5dQx5AqrY0Z8zlR+P371AGz8YGDBVqgKYiu1GqImE13aZ7RdRT2uu1PaA5sq9fvau3o7uiruVN7Cpril2DWNW0i+p7WsGvYwrCru9L0fStRtwDIJhbLWNP1agMimqtfqRBMGHDi0+FNNgxpiwY1CJhRFTEqh0yBRjUBABkx43AC0HRGHtKpFsgGVg2QB2AoM4DMBRUgFrNFSVPPKkjsalvI7QXOxhEZZfNvLhRUMdlDCSRyPuUxEUNyVyMdbxRTSXLpI47U3mHlsyyjY5GHFcpcjEFJLLu+zPs7qqqMYUBRibI+MAABGyqyZCgApS6OysRRYEg3ZhlDKyMLVwqsPQhHTIoPoQr40YA2AVU1YFZTN2vO1aTDRDkdp7tCzj6tPphWsQTc0ckyw64TxzOYVx6RQxP2RzKifRCbA8jTZa9o8msTnGTUjgZCZnPKoRUVPZGMMqbfZ2BjbbKrbu43AUGCrYNCW3NTiztyEl0s7HvbYZezD2bo3ySZCuw7RsW27De7dtew3ezbXtFxZbDs2z7Da2F1sOxX9wdLZ295e3VlOTZW9xa2U89hZWdgSQacdNKWVPKRI+R2fHmzYSThy5MJYKD5TtjsJewHYVsJZ2jstmquSjui7Ud1UkMQrEAsOQxAIBYHm+98yyq9FVVVyqq+tVXqqqvy1VffzGzM7M7sWZiWZmJZmZjZZibJJJJJJJJNmVkri7BTsGHY86Jr2QQsc1Uf1RzY2o5F6N6epUVMiJdK3dRqewCtqi+Iq7StKgOrrKuJKCPANFkbMMWEYMsRApQ8rGSwEQSMlika18b2uaipV0V1ZG7MrKa4NMpVqPcEgkWJING/cQfzGxf2iZzDz9t421O3MXkK9Ev3XT79xQtxajNdZSS28ssixQkMasc3tgv4ZoV+IlGvLkd6OiszWz2yHzTZoezjUlAFsYkVFBrvwgv3m5Wrq+aLML5pm+kR7iRxY9OO0t7ebtsjBfVxcmbdDVvrz6l1ZDs9/FXeibRgcVlVIDGY0VK0+Kur4jQPC8qVGAEyeKRosCME24c/SDBlb1Vh2KnupHoRyJBRSCCAQaDWL3UKG78qgAoB42gDsJUt563lk4BTeWd6aTVHW9pVkJuGypPW2d/5v07YgTIf4gZ915870sYO6Mix84X5ySbzE3fgqrcMqn2dvIB9mydvI+jZJ29rJNcmTQG4gAFiWYgAEs3JYmuWJ5LHm+bmFEbiGW6J5d3KU+CHy8DiJyZnQweJLN4ETpFcscPizTS+GxUZ4ksr+73pHquRcmRGDI7oy7irKxVgXveQQQQW3NuN+1Zu7llZkNqSprbakqdtbasUa2+zXauO0pl2SmXp1sI16J0Tr4i9E+UnVvvfnZOTLlzNvzZMmV/ysjs7fpMSf1wzMxLMSzHuWJJP1k8zHjDBySZZ4JEkikVvce33nd1jWr069F9TmqnrT30zHIlN4rPl/xp9nER4rPl/xp9nER4rPl/xp9nER4rPl/wAafZxEeKz5f8afZxEeKz5f8afZxEeKz5f8afZxEeKz5f8AGn2cRHis+X/Gn2cRPqSNX5P/AI/0dcROSKi+9iJ9xEYiMRPqKrVRzVVrkXqioqoqL8tFT1ov+jIIB7gH6/j3/PE7PHn6I3xpe6iKiN8R/REcndciJ3unRyepflp6l9WKG0rQ2k2V/gk9rI7XRIuAAKoVQAFcUFIKgV2AIBAHYgEdhPriSHdO9PM7uuRyd6V69HNVXNcnVy9HNc5yoqetFcqovVVwABVACiCKHYqbUj3EHkH0PI5jt247/rFH844PvHefHETuarHTSuYqI1WOkerVajkcjVaruiojkRyJ06I5EVPWiLlgzC6YjcKaifaBIJB94sA0fUA+kih7h3vt6+/65yF/JI/6PD/WNyJM3b7PHL1XwlyIXt97qZ+60Vvxxy/xnd6/U7OPpttNUcvcWbfxdYnVWyGaxuYdbZU4m2y24Ti9YtxSCAoxZxkjndLHjYOuRMyMAcaZlKlb3rlxlGF37Jrsabn0mwmVW0uo0Tj2NVn0GU5A1HE2i1Izodte2CeCNy8epnqlx7onDvGOy8TV/D19pw3FZXaI7G3aW3Xkvk3tgcF3tzX03FVFstxsOsh8X1Oi8dbNV2dAVy3tNXaOONtbKxI0wVAdfDmtnQDdXompTB1Dp+Vl2rn6l4cbPkyMMY0+m0XiDpnVM7sGXkomlcHlDQsX9E6uqQodSm/emH5/jxlF3efeDUabFkXaSVGQOr7fb23W4gbpM34GaVHdvPlxU95eyTvyp/oXmXgVUznS0/JbiIxEYiMRGIjERiIxEYiMRGIjERiIxEYiMRGInFy9E6/J+RiJ6X+xG9gHX/ZMe2CJ2Ytm5LuuKKsnjTeN9dttBr4OzWDCNSdTpDXei7Gxqx3RGpZv8UjzaPhWJvcjf3ndET9S7/wG7wvGiK/t18oMRXNYiv4c1FqK97kYxqKu6oiue9zWtb77nKjURVVExEN/AbvDDlcje3Vyg5WO7j0bw5qKqx/da7uuRN1Xuu7rmu7q9F7rmr06KmInL8RtcNfT0cpfwNal9+uIlIR+A6uDBHIwvt68jjPc3vowjiPTIXKzqqd9Gybw1Vb1aqd5E6dUVOvVFxEqk/AbfDKoip26eUVRURUVOG9SVFRfWioqbr0VFT1oqe/iJ9/EbXDX09HKX8DWpffriI/EbXDX09HKX8DWpffriI/EbXDX09HKX8DWpffriI/EbXDX09HKX8DWpffriI/EbXDX09HKX8DWpffriI/EbXDX09HKX8DWpffriI/EbXDX09HKX8DWpffriI/EbXDX09HKX8DWpffriI/EbXDX09HKX8DWpffriI/EbXDX09HKX8DWpffriI/EbXDX09HKX8DWpffriI/EbXDX09HKX8DWpffriI/EbXDX09HKX8DWpffriI/EbXDX09HKX8DWpffriI/EbXDX09HKX8DWpffriI/EbXDX09HKX8DWpffriI/EbXDX09HKX8DWpffriI/EbXDX09HKX8DWpffriI/EbXDX09HKX8DWpffriI/EbXDX09HKX8DWpffriI/EbXDX09HKX8DWpffriI/EbXDX09HKX8DWpffriI/EbXDX09HKX8DWpffriI/EbXDX09HKX8DWpffriI/EbXDX09HKX8DWpffriI/EbXDX09HKX8DWpffriI/EbXDX09HKX8DWpffriI/EbXDX09HKX8DWpffriI/EbXDX09HKX8DWpffriI/EbXDX09HKX8DWpffriJWV/wCA4eERTByDO21ydZjQv8SUCbiHWhoC+6iq2GeYPeYS2QOf3fHQWcch8SPZCSPI5s8cG/Q19l/ZEzKH8CC9nOMFte/tS7xNElqTYvKk4xCSymglQ2IatlMj5EYjBK8cxvl0FhGdOWCCVZKe1hI5VrFEAd2Uknk0qkFQfTcTuJHqACDQqpUllbd9FGWgKBLNe4i+SAAou6A4PJlDUfgP3s+1wMohvau3S6nmgcO+xO4qghLa1bavsmEQMB5QGEgNjGEIp0miGbE6uOmWQd5rWmLSjuY7uCGCrQ9mydpv12ihz3q/WGBYKAapkY8csFIJW7FBq+y+xnYN+A/ezuLdAWje1dvs4Ycg8stGXxgDPXmvhU5z2kSJyJGd4MriA1dCwprelbGxyvYUY2ZkXepUEpaspIPPtE0QRRUqCBwbsbrBPFh3B9OOPfSgH87At8LrsJzP/AgHZ3Ot5bVvaq3gSKZ5c0lOLxeJHVeOQRDPF4bE5JQ6AQdGTQNFHOiRYCXtZLFJEPJDIv2bN0PaoVuNg3/q8WKHHN+kqoIUi7P8E/kiqAP5RBo2auqPe5xF/AgnAgg1oJH2stvlhtaRlW95fDlMWWEfC0rwL+sOn5EeVX2PjTwEEwDSR1xbg4R5Q0BkKEnLY2kncQGDega1YDi/ZpiG4u9tcXclgSCAaJIKn8mmUkfEFQV57br9KOT69+BJOzjR6tJrhXaLt9gsZxLMefabniEWS+V1gndhLH8rycMCJPWI2NAFhDSFite+WKWSZ789FoesdO0uifS5ui4dXmdMinVZM6BxvApkVtLlKlSAfZyCxYsWZ0Tq9MdKcA0SK+0A5/MBYMGLbqOKxfYjf2HeuJHAf4Dv4RErLUD+7W5CKLtEEhZaFcNavKXWjjToVNFWxJvTBoSDZIoWEmSwzksEieMK4eMovx/O/wAJmvggALx7PJJN+8gqOwquO/HOIDBR7muwTzwNoFdq5J73Y9wl3F/AfXZ3giBiL7WW9FyjKOhEy8ZDjPsu6OWNL5qOPk1Y4lIlmFM/vBgnhmCK2NPIkPBbK8KQfaYUS3alBJNqPQji7FVfPaDZPBrvQq/S/r44J+EuR/4EK7PtgwVsnaq3CFRAqwJjhOI6oJZnV4NcLMYWgfIY/mTLSWu8c+Rytj/5StfJxCEzhmAD9DGg4KYcOItQJdsWJMbZWvktlZTkayTuY2zG2NnIZ2cDbuN7R9EC7oDgfDgCp8N/AgfZwMGjGZ2ot3r1gGeNCXX8aQtNd3rSyPQop5vJRwpRrBTh6xJXBsg8tWBvQZJFnWVRqvWmF1/CJG01/q8jb2NygBVndmBBA4raFCqwPrVWQx4HajYPGPH/AIDw4BsGI4Ltjch1SKb5lZK7iyoIRRnxRxzVzVs+Q7FqDxzRrMHMqONhWYiIwqwZ5dBqkFlK3ySBYHb3ivef1ekt6qQRW08EWCxI2tfuHI29mvk8Stf+A/eAyLkq2O7X28yAziDhh0gfEdHV1gLYYRRICIpROQGnEmeWgc905RcymWJDzz2mOdJBLIobaNooK1d7jYolu9g2PjdHsJUAgUTZJsmq+wCzXAr85laD+BA+zyGNNCvau3U2SWplrHzGcV18qRmvq7auS/gZHyPGsNxCRYj2UcayOpWGVYf/ACP4SzMkivxitfAJtL4bmwO/FCh2Pv7mW4BJP5QI5oKAOV+N3dnntOMH4EC7PcJ4p4vax3ZrBbMQ/wAk7iquNCKHgnBJkqjYz+Ri1lBm8o6NHRvgL8E81kxJLXB+TlaGTE59rys2PIy3SuEZWONhyKcAg2GG1iCpHEgA+1ZsMhWqqiQVLX69+3oR391Ov4D77OLm+C3tZ7+kq1vk3PTjcF0yEMbIz0zExeRVjbYOl8B00ckU1QvQiOKsgWaFwtQGG0NkF7dp9kDcw5LAXY4B9nmhz6R3Ng8Xurg+z6C/tHtftlhtvwHTwUbZTzgdtfkikGIVrh6kbiXXi4hmxxMbI2Gay34o6VHPa6Z6zTyqx0itarY2sa3ISOOKvgWfpEDmr+omh2kL6jcGIPNVwD2BA7fb3nMf8B28OjxMgb25OTnd3vKiu4c1NHKiuVyr0TdfkK7p6siWncv4Dz4eROq9uPk1ET31XhzVERP113XEQv4D04eTp17cfJqdVRE68OaonVVVERE67t76qqIifJVURPWuRYq7Fe/0/PE+/iPPh/6eLk7+BvVPv1yYnH8R68O9Ov8Ady8mdO6juvuO6n07q+87r7dvjV+QvvLj9hP2DufqHr7o/aB9p7D6z6D1nxPwHtw4qq1O3LyWrk99qcO6mqp1TqnVE3bqnVPX6/kev3sWPf3qvtuvz0a99H3SLHvHYnv6DufqHr7p9T8B68Or06duXkxe8qo3pw7qfrVOvVE/+23rVO67qietO6vX3lyLHvHeu/rV19dc17pNj3/H7PfOKfgPjhpVRE7c/JSqqOVETh7UlVUY7uvVOm7e8x3xLl/6LvUvRcWLqxZuhfPHf83rIse8Tj+I++F/p6uSPjPF/wAkGo/4Pr08T8u/xnX1d/43r6uuT616m6Hrx3/N6ybA5J4HBPxPYfbI35e/Ar3Y97P+i2XJ/Ovsm5XDfHNO8eKz3vlDTuM9E1IKcx/hAiz7Bs3I1ZVtMPm6QV4fmVKOIcwcSGaZ7I1AgiwbB5BHYj3xI73n8DFdmMbsq8o9qfhn2Qm15r03TOGeR+WNSutL0vQNi0rdW6Np11s44QW261vtvXyB2E9U0EgwF5bxElkckT5Y/DVE/HFBJ32p+en/ANL+v0X5fvJiJU4iMg9jXuieiPGHJXYwoeOuPAN84/G2XcKzWLoLdD364bHb2N1se/a0qDRJEj6JAdS0OnvS6naiCbfY7K12eSrhrtdHCGIG1wmdcJAYecW1DAkAqilQmBK5DkFPOLGucpxlfY3tnxnB5jtlRjj2Y1VAxFspdsmQOBa7wwxhdp27A243QzlOZ+wkMRCI3iiiLrydop5SSW6HYNmB0GHkS2JipmylXCnS7gFxs6srdmvIZUEvbhsc9eqkxGWBtK1JyZCAEQ6TCMSlg5XUjqaPkBYqLA6duQOaD5Be1WNjksmrrTDeH26hvnJB2b8HzBlG0Anaz66mCg/i8ZADECjiV5yZ2Lp+ENs12v0SrTkYvSzwdMtQtWPAsqe4azj5aBLyyLCOdc3kEgvIHpi/EvqkCVxwneAu4ZgYqLIq5RkYgAYjpc6Kpcuy52xEYbZhZAetze7nntN7MNx0IxivL1GkbWMePNwqQNVtSzt3iyqA0LoHgVNkvN/sYNOCI+n4GN2SasA5TKta6/Fsap+5XNnqPHZ/HQApo413PrlPWbgNvGtNmDsa0sCubFtNgl4lomuD7WMKGvISV8x8hFVvH4ori4JCAnG6Fxe0ZCwT2drYMnntnLIBjwt5S7dwYot5FyNdAuwDqw4UllAsdxrzzXyV2Lds0HYo+NeMS9R3Cx07Sp62EWvniJB5djk0Zdst4LhswtZBxmzWYN3oXatFVwzWO7kibcGEDXSDwhWbYSSvsA4c9rW/8e2TTeQQTRVcWJdQrACshdSdpUXtZQgOPyiWAy4y5IKE4hjzDInc2XyHC4fuoVkAIJJ1JvC+L5KeoXU6jZx9oszq0q6juThpqbV2AjvFNrNfnGRpWwj7HYyem4y7gavK1evhC1tF2Upp2zl41+h7XL8CxwBtFFvj5p9rb/2dbbN3KsPbO0+xZIscndyF948v6N/w/pEDtMjxEYieo/sSXbs499j37R268z8lafue7UWzcJbHxgJVaMlItsPbXW98bbXBYEen7WoD9HRB6WeNN4RLyfMlidyB0XjSRInhgoV3AGHYnV58FVbj2vow8gGWEGyUCGWMvyBb4WQFqGR3IyPLyPWCVWsk7rlRMRLFHHJLIyKJj5JZHtjjjY1Xve96o1rGNaiuc5zlRGtRFVVVEROuO3eJckortURUqLNUVURFQEpUVVVERE/GvWqqqIiJ76qifJTMZzYh3yIPrYfr54+2ZPKy8fisnPA9huTV0OPd7vSZLJq1SOyBS7TYBpFYxTGS6fOxBZFih8WNjpLeNZ0iKIgGR6sh76TQy91iysiW4yachaygk7twUqdpUgd93xmq41qb70wAUqBuOQFgbv8A7PuPZ4s8NZIrm+VuiUBT50nsd4lQdo8srazj2Up8UEznMdLMkl9EkTUc2Twld8TMsEjEcxyordbJqAMuxWxhDVZDkXtxfFFTV2Pa5FHi6mZN4UHNjKOVJ2c8E/R5IU0Rz2+FGZFXcdacaMTEXsu61kQhLZB5LDjwmGB7DXADJNLMJY2EsaMY5h5SSIkY9bC94qGGysFn3cGMZGVi5bEQw3KoK7wxUDcOKurINjngzQ1OryYw2zHjDAKdrZTvoKrOdpQn8qr+HPoMM3/V9e1Z1YHQbRBtKSuOecRHUHVEwRDWV6sDljsfCKniWGRhA8yDRwObO90UsznyNgzanHixMq42LMARkBFbWBqh7TXzfu7dvdbRZs2oxHLlVUDH8WqtuIXn6XsLRPBr2vrkbyMSRj43KqI9qtVWqqKiKnReip0VF/PT15rTdlv9FD/58/16T7bER6KH/wA+f69J9tiI9FD/AOfP9ek+2xEeih/8+f69J9tiI9FD/wCfP9ek+2xEeih/8+f69J9tiI9FD/58/wBek+2xEeih/wDPn+vSfbYiPRQ/+fP9ek+2xE65aqDur0knT/8AvSfKX5blxE/R5+BSAoh/ZaKx7HSKv9zrzQnR0j3J8dqPvo5VRff9Xyvf+TiJ/SZ5d0gvkfj3YdKCfUDFX8QocVpbjTlJr7lNGkXZ6iIdWSptGtIxbzU5mzitH2MCsneWLHG6diD2PpMf4C4rsOGtAbotndj7YSFsGwHpu0oxMG17uPa2Dzhtn5JIIJLZcclGQSsG3HYQJA6fYbMN1zSa/p9SaHpuvok1YiaNc/dmG95Q5F3rdANP4J3kbduDNa4jFg5gqTDj9MsNfveWbaa/16WHV9kjWK2j5KBYXBG6snSbWxnPlnbJCoyJuNqdNJrura1r80zCZqKgpqaUiJrmRzyVlcMFJNGx/VzWSugV7GuXvNa5EX1ouIl/xEiDT+NNz1nbD9iuu0Jy/wAhU5kdiwfQtwpeAwtTqnGlRkDSgGaDwfo+8ySVETHA1yWm6WUUossj7aO0NSIuJEl/ERiIxEYiMRGIjERiIxEYiMRGIjERiIxEYiMRGIjERiIxEYiMRGIjERiIxEYiMRGIjERiIxEYiaZc98C8ycg8mAbtxpytZaBW+5ydpFsDUbbc6wfNLMu1zNLH8tre007iCJb2viHuyK301q0letxr0qWjBnRyxBGAbecWXM7G+GTLjxrsIrmmxhgTytnb3a8ZV/xtH6flleexRnv/AO5eq7GhfYEQEd2Je0FbUe7CW3aGtydi3bUdB1qz2MPdeSqF0x1TrW2Ve5bNDVa5YVFVSX9jf22v7CJZ64JVH20FQZr1sSHSWZIklcn4zG6FRuKFVcGiAzL7FCv82uNduQnzGORwa2qW3BnUMjLhVSmobLydwZToun6cAqRtAOXTajKUooPOvvcynjPsmdo2il0eflPtDz8o2A1nw9db5f2JNwNYvsOMguPdpvYNTBhDhr46bkDlqn5BsjaYtwIOuaftldTUsXlqmGphx5035cmTF7AyquIpfCYxqNRmLA8lnK5/LHalxL7VEBarkTGduPEBiQa0Y9zFnK6nEmHErs24nyFxqwYszMzNyDbG+3nZ97WFlt+1XVT2hZtbqCru4J0sCu2bZzg6yqO0FtILJt9Bf0lwHsN6PtRNsSFFq1poGlVdI/XbOXTbnf8AX7DbdnyuFJJVRzlwZBdgKuPNjfIoUNX4zCj4TdgBzkAGQAzU06MmwZ2LrtdcqA1uDWAQ3DKRYewQdw2fRNy2a72Zu1dr1zbSr2nLy/pJNiuyKAXZtq2e1WlpHcr3Oy6HK4WKpAJty9I4wOboF9Q7Lf7DU8sGm+mttsAp9W1h8MbVGTGQGbGgQMpYgsRkxsSWBuwqsQOzH2TQYmSVJxalCBvy5NScL3xiTLg1OPEhXs2zLkw5NxBI8raLBIOy/BvFW28ccZatqm0bYpuyVhe02W0E0jq6Wg2m12W1s7OUlRydVqZqGuHIP83V0GrDa+BSoyKqR9qAMryq6TzMLB8zea3mjI70AXUKwK7RWNLJVjtHdAAaJvI/JQp7IQ4Sq9woxZkyHk2W3KrKd12GPuWtMA+xr2pU1/TtZsO0lYTUWre5iyahk2/bTqmyD473/jXczBGlvpAdqBttpK029P8AbU3ZSZ9VD2GLj7XaaDTwUkklAqrlUJ9PztrFixHm5sWXse3sq2MUfYAtfptANsWYBm8zG6+m0KurVxYAsMc2FqKnnEBwLJ5cA9iXtHcT6pxdrmy9p3YtjN4+1/hTXLrYBts5Alm3uu4uN36S5gu6i6sTazptYG004lyXI0u32N9JBPsVmTKIG9JyEkOcaKr+RlXE5JOzM4Xy3IPsuMTh39sMHXIcbLtRKu5xuT+LKoc+JyAx9rGNHpMGde/sebn0+TKAhGzzCVKlmEmXX+zvzhR8IW3HsHKklVuxE+rVoW2aftNpQzv1zUeJda4xjfLcXenbgdVWmzy66+/uFrauQ2lsrSSx1/YoLqvDtFYgqZdQ7r5iZcqsqEkVjTFixbSykMu8YySUIZS5KtuAaYtS2XO+nZduLYczZNtUWzajNqBQ2gMMRy7FDCiqDgA7RgY3Y/52jSG6sueT7jcaukOFr7Os2Lc+P47S02XeZdj3yS5n1CWLwhNtoliphnxVx02mnIy61CGpsgwiosbq2VMIy+1kxZMWUsD5e8roc2mzKQm0bc2TKclcjEaZAGVZs+ZiXIxx4duJ9Pg074yxc1hyYXDB2O4EDCtspV8vK5CVd7z/AIv7LXKWs7jx7yHyXz3sXJ+56leAz3xp4laFTbBSs4Y2rULZtfSx1L5dYMsuU912LeG1VJbCa1BRupKGWtK9q+uurrZAzth5G3FqRqDxRa9NqML4/ZIAQvmRwCGry127ebxKwRXCrTZdFp9OzEKdufDkwu+cWCScuxwQCAN3Yg1M85l4h5b3Oy48TRuSTKWGkHPB2vZzLY/X9smAL27RLueShfpIFVQJck1ev2YLVvdft9XeO1tbY62ay3KsAzrePGossrvuayto+TTGuO2zHizBSKJbKOQBxgKv5mRlKqrpjrkmjjXUAimsAM2TES3LUpocAGBbXsz9sbYaNajY+1INZyz02x0hRFeLa60HI/ZpGWpl4VVVAvhW0wKXG28cUev2BK01TpjtW3FHlcg68CUNZbVy38H8YoU0aBGPyn7/AEsW3INpBV/O3PbY0IyYvYYMw3ELjIs8Bx53mrXYrkL4W3EWnk0oAyPdDa9lTthW1aGyPtd29LZRbCIrY4kIvq2t0sPlsbd62tiS1qYZLra6PSmk6ILudjCLbXY/lS9hkOKGHMHqiKq40ohUTKjUxYve0Y2JY2CCHcgH2Tk2A7UWZNybM9ofMy6cJjYEfitR5SocoHAanBYCgD3IsmS4Pwp2hyOEtn4y3nl+PkPbt42SNDd/Et9l4wN07UiNfrHHrq5GjNGuvSA+319gXW1sVnWwPpLxtSZauErnQmTi3Y/nhasg1GHNhxqePL87RfNt4YCwUzFsy1RuuR6YnBL6YqoBwZseZ2JP4wpqfOKFKK7WxgYiCNtDkUaNj1/s189ii82pe86RGXPIHD+kcf6fZSi2NzQVWw63qG8U9haXelk+i212vnXu111jY1+g7Pq17sTaBp0uwUFpZnySVdWbMrjbsTTa3Co5BLajMuTAzCyrNpkXyw7XvFFwTZOVmHluiApv1uHUjsSq4ibQMbanvcVvb/BAqWbh3st886ByVp+67/zLRcgTVFjWjbFY67WbhplXfahR8ZcjajrlDFoGybjyUtRPrtztdOQ+7J5A2e+3Ly5F1tNo4+uqRI6+UF8oKSVxvjC2zWoQMd5PJcqgfBtc0w1ByMfMw4rwIm351utvO0+dMfJrG76nSZBxf8LHiyC+6XS+yzVJTOz1uAI3DAwN5Qzx8P8ALvI/MbWmH7JEm1XW9at2iKqCos3RNmcPXVl7y1qdwkj1sYulLbNgrYnjU6PlUrHiVrJTUDO5s+0Riz49vfkHzUNdrTt7tjPkGU6govlnKMKJX/ZpjALdvVm5J70O8wjjbszcwaBu+17Q7d9Yum7qPtLLaa+P2PZEqTTNbgr6Ow1iks62NtIyw2tlvt2zUdTsNVrjB9vttXgqrMPXdIsaCQpGpTN/AGfJlZASKXJg0mIhTZs79O+QWAA2Vq476jJlOlfTrk9ry1C5CBZyDJkJLcEgeUcWICyB5ZcANkcyEqzsI841vJWu797rFDZVNLoZNfa6HeGSG6/um9m8scQci2tpsM1Nx7rJIVVeR8dbAORU61HS8cUEezAUuocN0dZW3pG2QRlb5nbgtp/PbNk2qrZ3yYsOIEqvsKreSHKqAMbO20G7mySvk6jEErzQqJbE+UqlipBPtMUD7bJtwgLkkzUP2Zn2J3tEdu3sZ9mLhnhHd+N7PfOzxyVSbjsWp8tMJfoPJ2tsoTaW416CwsKnZiauwrBiG12r2B4nmn0s9hXl29cp5BKziTy0Cn3saskKGdmCAnkqgIRSeSFBIF1JysHyO4FB3Zq44sk+nA+ocDsOJT9h72O7nP2Pf2IDtvcJdoXlmp5K5C5C0HtH7tDHrDZfabxtp6dmym4q0fj/AFiCQOtjQOg1bjurnJYEEFXMLLkEEilaM+xOySk/n0al2TuRdqgrZKa31GWa3gCkrwyCdkHnmKMElO9HPIfrC1cM4wkLppj5bFtDO5WjV1wcWvgYiU+s9mzcdk5E3LjaK1qILnS5KuEwuIHZzQbBbq9paKvNr4oaBtoyke68FtZ72xrgK+GmYpjJJpCq4c2hcBivuxnIfiPMx46X3kHIpYegIPwmRU3Lu3KDuKgE0eMb5CfqpaHx4+MlLZexPtVPq4V1U7UBsFtBTboRsVHX0OyEur9h0jYuXqWzowjQq0saaCePiQyOss7B1ay2uL2rrq+CaOOxKA2MePzGVd6LfmWzNSjZs4J+Jeu3Bse68eQFH21wRptg7O3nYRlLbeeBdAgm6vjtO7UuwzvV/Xabe2e2anUVmyWunB3VLFZ15+/6kBuF/rNIDYW+mR2EZndfDtQN7C0ciaOCkBu5b2ajs6cqpzHpwc+ZMJBxFtTgwN5g2MBlXExyKp+kijKVuwDkR0u1N482VcWLUZOXOHSazUqEpld9Kcw8rcCKLnEORuIV1bae0xm57G3I1AljJa2NRBACFd2jZGQWkj5amip92vJrd8bw4vK1JwehXAdZaTvbXFXRdRWKVF5sgkLTOrA8wtjyBca77K1uUqHDr7VFCpvdYB7jjmThbzkxsFZTkbaFcbSrBzjKt3IawTtomvrln497OVZtHKHJfGG08oazqFjx2TbV0VjPDOtds9lWbFFrLIqou3dSDDRG2JIUYkdpMFYkOPGZEA5zC/L/AETwt4Rwdd6r1Dp2u6tpumr08OGzOUKZsi6nFpFRDky4f85myoqG7LFVrc4E9B0TpOn6thbNl12LSKHxKq5Nm594LEANkS2CKzAC+3usiGeT9SqNF3vYdUodmH3CqpiYIBdhFGcHGd4oQxMzHiukmWAgIieUAqJJpWsJGlRr1TOB4h6Zp+j9X1nT9Lrcevw6bIUTVYihXIBf5D5FBHqA7d5xsyLizZcSuMi43KDIpBVwK9oEcEG/Qn65gWcWY53i/kkf9Hh/rG4ibH6trrdiNMYTYRVNXUVZd3dWk0UhDQq4R0MP40PGrXkGHHFBVdcP34o5rE8WOaceB0hEdCWLrjQAswLEsaVVHdiRZFCyOKNVcqzBBZvllUAckliF4F9gSCfcLMut3q9MygdtGr3ZNtVC24dDaD2tfHVWwFhZB2B9ZKg0BtgOTXnj1FokZEZLZYCAZYSIGNlGlmsp3FwFb2OW4NbSQAwP5NkLfA3Hb3q5J2sqkXvBIINgVfDdqYgE1zxz2mCZMmUvIEd63s+dnF5/JNdslJIzmT0Fx4PXUI9hxwrb9iWT7A8BqXdgm1kq21FS9c5BYolireg6uTETWNrnMc17HOY9jkcx7VVrmuavVHNciorXIqIqKioqL60xEuwFn4UzlsJbQkdWL+NCWTxJFl7zFa9ZXxEtVqNavVvh9Vd3F7yI3ouLIhZaTarWOSAeBfwPvmVcrAjczFR6X8OPUevuIl4iOqbFzBfL3DjyZS44ST9nEHDjfNJ/yc8iY0SKGJoyMH85LOVDFMsKPR4yI3uUTDm3Ab8YWxQ2ge+xey+bBu7v3CWy58YS9uQ1ZIBsk37NAvzxwbrv61cyCCerp55hbeO2KJJDCiimo+R6N4vjvlIR7iig4LIV0Cv+K8s8mNwXVZCJEbOxy1zYcqNVowAsFVBoenJUcgAAjuK7mYFyjUAOEdKpCMtBiyjlgAzDbfbn6gJXysq2iSqjDu9NFD3E91bVpk7/AHWRd6cVrfFcniQyO8Je4sULoEevdaySTLg1KpjVHxZywbuqqq1uBG0BwBweTXJu7kZ9DnJORc2m2hD7JJL8r2F4iPX0Y+6j2mK7PHMkNeGxgMjIJTyIPI2tDfFpBOleMrbGyoSZVIn80GQ4dp48RMYTx2xTEh+AkGZs652ZlR0UEgDIAGIvg8M18VyTcIXGNEfbaDbagAH48Af2TCsiTGIjERiIxEYiMRGIjERiJ1y/GL+v/QuIm0XYm7RvNfZb52i5U4B3+0415Ai1HY9fj2WoEqDTG09w+s9JApBd11oCsRfloO+5RVlb4aeHIzq7qiexP4dp7Kb9OHvv73eN/vKxEfh2nspv04e+/vd43+8rER+Haeym/Th77+93jf7ysRH4dp7Kb9OHvv73eN/vKxEfh2nspv04e+/vd43+8rER+Haeym/Th77+93jf7ysRH4dp7Kb9OHvv73eN/vKxEfh2nspv04e+/vd43+8rER+Haeym/Th77+93jf7ysRH4dp7Kb9OHvv73eN/vKxEfh2nspv04e+/vd43+8rER+Haeym/Th77+93jf7ysRH4dp7Kb9OHvv73eN/vKxEfh2nspv04e+/vd43+8rER+Haeym/Th77+93jf7ysRH4dp7Kb9OHvv73eN/vKxEfh2nspv04e+/vd43+8rER+Haeym/Th77+93jf7ysRH4dp7Kb9OHvv73eN/vKxEfh2nspv04e+/vd43+8rER+Haeym/Th77+93jf7ysRH4dp7Kb9OHvv73eN/vKxEfh2nspv04e+/vd43+8rER+Haeym/Th77+93jf7ysRH4dp7Kb9OHvv73eN/vKxEfh2nspv04e+/vd43+8rER+Haeym/Th77+93jf7ysRH4dp7Kb9OHvv73eN/vKxEfh2nspv04e+/vd43+8rER+Haeym/Th77+93jf7ysRH4dp7Kb9OHvv73eN/vKxEfh2nspv04e+/vd43+8rER+Haeym/Th77+93jf7ysRH4dp7Kb9OHvv73eN/vKxEfh2nspv04e+/vd43+8rER+Haeym/Th77+93jf7ysRH4dp7Kb9OHvv73eN/vKxEfh2nspv04e+/vd43+8rER+Haeym/Th77+93jf7ysRH4dp7Kb9OHvv73eN/vKxEfh2nspv04e+/vd43+8rER+Haeym/Th77+93jf7ysRO8X2av2VQ0kcMbtf79KSXPCMPEmu8aosk88jYoo0V2ltaivke1qK5yNRV6qqJ68plyLixtkc0qCyeO116kD198siNkdUXlmND+3+ybv6J2ufZsN4j4+lH7Y+xDN23kSfTdh8qzge4XUtfY7ivy+7iNBH726Ayw8moSZVaw0k2oGoCp7OUeEtJBb01hSCrnM+LawrnG5xuPfuXIrLXvFccygZSgyCyhCEED0fGmRGN0NrLkXaeSe1es1g372W/wBlX0Gs41sCu2xt9m7kXRSd3jir6Di4mCqiH5B3zQvRy2AWrnCWMjpNHks3EwPibEli0GSFJg5ZZZAJw483YZMmqQA9x821WXTEn09o4iwong+naQGtmX8lcLX6HzcKZh+YOB9YPfvMv449kx9mG5M03cN2pe2DtkNVrIIrwWlicMCT3lwRumi6nLWJBYUgBVUCGPurbkvZTRVoR2VkleQXCSXG+LCuUMzKAfZBs13IdVaueQt23YgA8GZCpG0USWoiq/hUFB9bcsoUepPxEyRfZI/ZYdW1Tdtn5a7aPK+lsodZjvdWH1nSuAOQo9mJI2hdODHtphbugN1ensL1f+Tdjiq9iEtayvvz6sY19WMJaZEO98ii6x41cn09vzPLP/hfysldj7De6UY7VQ0QcjlFBHBKqzOPfeOl3968xO98a9UfszXsr+yXVRr1N2u98Mt72zBp6sVaPjAZCbCyJiDDgcQVp8Ao7ZSJo2OnJmhHhRyyTSxxtc9Ku641LNdAgcV6mvUiWVSzBR3N19gJ/wBlfXU2EqvZAfZrjVhlO7Ve0gVpkVK4S5hP7O1jVMXaQbOw1axsSoY4mhazcjUl3NHsUCHQqyns4whbAwOUNIyPsTM4UsuHA2obaLLY1TE+5Rxa/jQpJqnVh2okgLsijgvlXF7XFM272T7moBgOfZZT60OFD7IP7NHcw2Fw7tc37NRppBW3G01RfA2wjCQn21lrwRY1VWVrrmyFfsNZJTGyhhP9DGTisuUAcSOyaczHE7pVlBmJrkHyMmTHlCniyjY3DcACvfYEYqyHGOQcjYFF8BTn2HGX70HXIrLVkgigbFp/ZIvZZ6fbX6ltHbY5Gqpb+8vdR44tazS+H9irti2qoKrFHG2+EIaG347pTKa2r7ya1MrLyxCCsACUoC6x51pX58mM48z4+Ci520+8dy/nHEhqq2ZDTKfpFSDt5qYxkBUmiGGMZKNURs3sBze5OVYcAMKs95jQnskvs1h2n0m+j9qDbHansWt7VtdRbSH8BQtJqdKeK3Y45BJquM4O5DjNFKH1s0YfYbMGZthV1ZgXUhMCurAkc1dj1FXQr/Xr2ff8JkPstsPBLIoPoS+VMNj1IR8iB+LG4UCeJkkfsivsw1FsmwUfJXbD3fTQ9WhrWbHc0wPAG9D68ZtFGLc6QVeMppBohtW2RlhXqzZATLNXjyExa/VbPsA8OuF3581cZB55J/1CDtyj/wCxlgUuvpAiuJjbIBjLgEk8KPeVZRkWu+5FcMQOwIJ901wH9ms9lSKIgFg7YW+OmImjHha7X+NI2ulme2ONrpJdMZHGivciK+RzGMT4p7mtRVSMrLiDseVUnkc3zXHb/ZMqAvtA4LAd+OauvX6vrm8QPa+9ml8G9qb/ALYe+Ue+VlVKeBrkdLwFcUVia7Tdo5Fpaj23AldwkncdJ1Sxt9RM1el2yqMndCLdHa+PJEfIUglNxpH3AOOQp8vFkQMfTd5hXi6ZGHpcqT7O4XuGXHiZT9IF82owE0PyW07Fu/slSASaGHaV2+vZfLuv2qy27tt7dq41TpO+bRriUNVwJvs2yHaFpdVvtmIRHUyg+hqBmvX+tzlbHC65MiftGvPrNcuhJ7QunnHeTNjxCgMmTFjDHtvzYceox+/g4s2J/eVawDIyNsQNRs5ESj7m1HzZj9aZQ6N7mUjuJqxU+zQeytXlrWUtb2vt6nsbewCq6+GSk4wFZMbYExiCxPJK0+AUdkk80bHTkzQjwoqyTSxxtc9KuwQbm7Wq/azBR7vUiXALGh7ifsAJJ+wAmbDt9kE9mvqhrW73TtN8k61q+tI6Xazxq/gO3v6QJK62sfPt1GdlPa2AkcdOWwieF8cMEiRipLJYlAAGzftbSCvG8lhx5QfHjfJxfsI2XGGauNw4JNSm4VY5JIUAckO17EI/KcK20DvtPukU8m+y6+yrcY7RJp1n20d9Lvq0IWS/gZqPHA49bYGLKUMEKQupTLZQSUstTZeeSMRElsJQkHcgfmibFWCY2YUcibyp+kvtuoDDmiQoarPDA3zQhXDtkC8qmTYrDs4CIxZTfIDMVuhyp44kk8c+yRey+cj6hDuFX21NjhDsZtxCqIHCcLselnpeuTbGWHsbrKoqX6zHbwsjgojSoChSvCsCDH18Q9f6WwrlDDIaKriyZMbluADjxaTLZPICsNXjUXRLXxVE5XUqcYot5ib12iyw35UpQatgcLEjtVc3YEd8gey++yeacJx+VX9t7ku3duOjxbNaD2GjcS1Muv3kGz7Pqtxr8K1gOzx2YYR2szSiWxb6KxMgKYh2tU80SxSZirKPaG1g+fGynurYNRl07j9LESPgeQDYGNXVySvK0jK3HtK+NXU8fBv1eveSdwT7In7MdzuLdX1F2vt2E0/XQd3luLyKq4VOshbXUeONi5CEqm6sXW010+HYW0UVCJfyxQa8DZWY7TbJskTx3Y1fc7Io5Tbvv0DkKpHwLnbyByDV8XdvZRXN07oi172ybCD8QPb/APDR+EhrtK+yheyLQ6MPpVl21eTN503mXh/ZIdvqLzROJdaIHFtrfeONdw1Gb2rS7nESK70BYsht4LyqtJRTmLPUUxsKx5mRN2LFlJoZM2pwke5tLnOBz9TMCV5uu9HgUDW7J+SmJ79CMqB1+0A88Cj2vvPJjROOearIFo2sJyMysrtT2s1s7YiAqyDVItYs7/Y1ZYnwQBKOuuU9gaBA0lSJHj92ijcfLDHJspgRwGs7W8wqw+ifKUNk5s2VDLddtwvvJdhjDFuCuyx6+24QUD35N9+wJF8Sk1zj3kqi3cE3XXci12+yyjEDSxjWEd2Qk5jB4ZCmlCrIUDOYO0eXzzJQJnwOhIR7Y3tQ+nwp5bu226fGSav2ggI59obiBRsXRqwJIar5qrBv09gsQeODss/VKyLQuWdENsUjm5R18s4e81uwV0NvFGbAbCUl2Ar5RnjlK+O3KMfJEr5IZT/Sg8sc80ZS5F06FxmVtzBnQMKK7sht12/RJJxHuvG0gVzKhw2PzLvGETLuJusaAoj7rPsqG2g3XI+EqrXiLmahrKN1onLQVXaABEVMDiLx0EQrrm/0irGnDi7/AKJIntKS9paqrPhDNJgjd5IWQE0eQjFjXA4ORMl7W5YHkEOVB4PqwJX4EdjYkMVLFGq/aWjxutQ78eop/ascEm+JZSOLOR3o9tm/kgQciohrCCb2a2ra5dfUpxAwRp1s0YGKkU6RZYICp2V6myd+NvmJEV0nTYQjMTaIlN2oJVUbNAUfXsPql7pglgNvNLwDvU88e8EGx77nwDs471fbJtFADR7TY7LrJBSbWM18EhNYUMW+Er0kVI7w/GQyKTqrp3vkkjfIxX9xzk9D0nw31frGr1GDpuHUZtRjBbUlBltAuVCWyFFZgBkCsCR9JQe4E3+naDW9SxjJoMWTLiJxHfjD7BvoYySgNcMaPuur7SxG8C3Ffty6GbX2o23IZBXpSyzAtJeaXDHOIPFJ3vLyylxTQqIkcz/MumiZAskkrGu5fVOl5ek6vLpeoB8Wox5BjyB9wIdrA3b9rckULFkkcTTzI+F8qZAQ+EkZF9VKkBruqq7N1xLVfcPzavZSU+wj29RbQwCEEVpyQwmisNFiMGYWMsfiiEPGnhleKS2ImFJEbPFHJ1amqNMhAPtAEWL91ke/4TEjq4JQhgDVj30D/tEtDdEq4nNlaSYro3JIiK6LoqsVHIi/jXvKqevKvpkCkgnjn65aZrrGwu1w0qZ4MFpX2dYbTXFWS+WKE+tOaxXsSaFUkHJEKhEsq4lqSILZAhkPhnZE6CTQohw6mmCst0CCrCiCDYFgkWBfPBggEEEX2IN9iDYPxo0a9ao8GSMDZ6fsms2uhUwUuoFFWQmz1dhc3A9hFsFzUA2IQ2v2x7wK2Gqi8laWftfJjbGP6WLlFtnPhPGMqGO1cpVnNtByWQFIIIVh9Hadoo1e7bxzYxuCNr2Ts7qBdg2NwI/hAHkcCh345hbLTJOzkfjfUNb7N3Zj5BqK1w218it5tZttipZczbJuq7HHV0aNFlmeKJ5QKR8S+Vih8dXd+bxHojkRNU8RGIjESsAnFGLimNCbYjM7/iBvnnGbN3o3Nb1mGcyZnhvc2RO45O8rEa7q1zkWVIBBIsDuDfP5iP7ZRwzKQrbCf4QAJHxAII/OJK2vs44uEBimqYQz5FJkOFlKs2CCwxzwwwpHYl7PXsJkmidIU6NscLo1b4Pfk6q9mDVIy42y4szqaZhiAQqtWFWyhbmgTbH6XFVMeM5gxR6ZVVayermlstQVbvcPZArjjvK7Ytb0Stsi2U1j4zY2D+RUeGV6ymLA2SQVFD222IjhkcyRjjGOJSNs3e8Jj2pEzd0ZTJohmzY7cEA37JbvfAb4XxR+r01nOoOp8pMxCsrt2Q7OCVq0v3cGxXvMhk2aIgmWaCHy8T1b3IO+j/CRrGt7iPRrFeiKi91zm99W9Fe5z+85cTEFiVFAmwPcPd3P9pm8gYKAx3MBy3vPv4A/sEpcrLRiIxEYiMRGIjERiIxE65fjF/X/AKFxElPgOqhueR2hTySxRrRW0vfi7vf6xyA9E+La5vRevr9XXETeP3Pq359O/m/wOIj3Pq359O/m/wADiI9z6t+fTv5v8DiI9z6t+fTv5v8AA4iPc+rfn07+b/A4iPc+rfn07+b/AAOIj3Pq359O/m/wOIj3Pq359O/m/wADiI9z6t+fTv5v8DiI9z6t+fTv5v8AA4iPc+rfn07+b/A4iPc+rfn07+b/AAOIj3Pq359O/m/wOIj3Pq359O/m/wADiI9z6t+fTv5v8DiI9z6t+fTv5v8AA4iPc+rfn07+b/A4iPc+rfn07+b/AAOIj3Pq359O/m/wOIj3Pq359O/m/wADiI9z6t+fTv5v8DiI9z6t+fTv5v8AA4iPc+rfn07+b/A4iPc+rfn07+b/AAOIj3Pq359O/m/wOIj3Pq359O/m/wADiI9z6t+fTv5v8DiI9z6t+fTv5v8AA4iPc+rfn07+b/A4iPc+rfn07+b/AAOIj3Pq359O/m/wOIj3Pq359O/m/wADiI9z6t+fTv5v8DiI9z6t+fTv5v8AA4iPc+rfn07+b/A4iPc+rfn07+b/AAOIj3Pq359O/m/wOIj3Pq359O/m/wADiI9z6t+fTv5v8DiI9z6t+fTv5v8AA4iPc+rfn07+b/A4iPc+rfn07+b/AAOIn1OP65qo5px7XNVFa5FgRUVF6oqKkPVFRfWip60XIZQwKsLBFEe8SQSDY4IkrWu68q3UkcthzBybLJGyoR7o9ut4FJnofRi1NgasJTPO2oT6WnlhtCvFPbNU1k3mPEAFdFIsba/gqVX4KXZ6/Sdue5vkypAa77Fg1Cx7QRUB7+5Bx2HoBIzJ05hsQEBl3clwVYjgKyEklJ4q4F5pli8ICOVj2BiOsLA89ww7Y4XGnGFKxZyZpHuwA9AWIHxdi7H7WYn7eKEUP1AfYoCj8wAEyGpj2ehq20lFyDvVLSss47tlRU7HYV1Wy5inrCYrdteHNCI2ziJpaciM9IkKZPU1krZUkAFdFXYtsa+lt3cnnYQV9fQgdu/rYlrJIN8gFR8ARtP6uL7j0NgTrtBtjvBJQLrfd3uAJzLOxnCtNgOsBJrC6NEsrg6UYuaaGQy2sa8A+zJexZzzQhCinyzjQyMvZF/Hv8b/AMf4syu0WDXK8D4dx/8AtH8/wEx4XSBgiRzArW1ELFmjIFKFmjHJGIhekkM488UbJYZopGtfHLG5r43tRzXI5EXKsoYURY+0f2SwJBsTLgCd0qo6+Gr5M5DrYagxlhVRAbVahx1h8QIdZGdXsHJjaEZHW14FewkZIpmAghiNeg40MbFAX8av40qoP/uUUV8LPNmR6361V/8A2zN/azH7a7AAcyDN3LBSrK5P5GJrUjrYUriNst5gUipopYaiJBJCnDpHVQzzxVrEj7oMU0sYqRNkejlDn4rtPf6Nk19pJJrk3zIoWp9Vbcp9zcc/HsKvgVOCE7mg0oScmchoHNW2lNMIm1WqDS094d6Tu6qWDzPhSVtxZf8AKFoC9ii2B399lxTEfjmT/CD/AMIFyD7jkLFzXbksT24viooEFfQ7bFn+AAq/mAA/tlE8bYpAa6sk33dpK2nBnrKmvfsBzwautJfJITXVwjpVHCBIfLK+cQaOIeV8kjpI3K9yrUKoXYB7J5qz6/bckizuPc0L/wDCwYfDhgD9nMvElvyDMS42bljk2Ux5FiW8uXcruQlxVvXRU9sS6d5iyuntKiCCrsZlcshtdDECS6UaNkSW7Et6s28n3ttKX7h7JIocetXzIKhgARYAAA57K28fmbm+/oeOJgUWhAwyRzQ2NjFNE9ksUsT4Y5IpI3I5kkb2xI5j2ORHMe1Uc1yIqKioi5DKGBBFg9xLAkGxMvLl3A+c0k/kjkA0mynlKsSC9otCZ7AkgKwrJyDZZiHyFTzVtta18ss7pJJArOwEe50BpMckkkiieOBXbsoUdv8AVUD41z3MrQu/W7+0Mzf/AKzsfrJlHYh7BbmSWNtvW6WlhNPZlTH2N8aaZKVd1wtPckyFEyyzvntqkEKrs5nPWQ+uDFCKdKMPFEx3YN/CDK4PuZUVFP2Iqr9Q55ihVeg7Akmqcvxf+uS3xJ54mOR6EDDJHNDY2MUsT2SRSxvhZJHIxyOZJG9sSOY9jkRzHtVHNciKioqIuQQCKIscH8xsfmIuT/tBH2HgzLZ12wqsnpSeRd+IpyiZDCamfZrKasIMlEKAlKnAkncLKTICcaHJPJE6V4hhQ7nrCRMx6h7Q/KBDfEGwf7T2/wBgkULB9VNj4HcG+3lQeePsJmMm6ZFZEvMsbm4PLkbEyQo0hpRMjIIYx4GvnnZJK9sI8UUETXOVI4Y44mI1jGtSxJY2TZ9/1cQAFFAUOePrNn9ZmSU6bVrra1uv8h75RNplIdUNp9lsaxtU4tS1KdWoFPAgKkqecpCipEsymlrJ3vMTd+oUDsK5v7SAOffwAOfcIIBsH1FfYDfHu590tVxQHbClWl/tWz3iUdQJr9IlxaTWaU9CA+aQGkq0NWf0fUBSEkPErRPBDGeRM6GFjpZFdPoB6LYHwtmc/nZmPPvigCT6mr+wAD8wAEr6gbY9fr3VNDvu7UlU8wmxfWVGwHVte+wMqyKMw5wQUsIzjCqQsunJJWNZp6soivle4SaSF0AAEkcEkE9+SCCP1gfCCASCe4qvhR3D9f7O0w7aNXa+jsSjbq5O9FU1s8RhhPmWDxL5+1mhhSVrlhinsCzDZo4u4khZZRLkWeeWR9loUp+jvZiPi7bnP1kkn+yhLKdjKy8Muzae9eXQTg2DVDv39bnVUdt3Y67SaPUagQCpnrrC7sLW4jDnJkvSLXQrnjmAqYIiV0IZomt7LsKTSwSvDMPKALjACdXuabt4c2LCqUWGXHnz5lyAA/504inB9i8ZxAgbCDdNuHEMS24Ena+A4GXjlHI8wXV+0AACCCLNVxVzs+2m4kzX7Oq1LXae0qaMepsTo4L+aS1lH26025HMdFchkA1ExtnK0rX3EmhHSTFzHyFQ+hw6QM2I40VixI32VApt+TzCbN87r9wHp34q6q1DmgxI9DRxriI7n+Cvfk8ylL7bm52CHOspaiwnMib3CiaCVJgDotP1zR4bUFBz4IWnwUer1qMQiEkFxjyyJQpPGbHFOPPixPvUvfm481EAjzMWPykPNnhCRV0SbIJAjGPK0/zZDWM4suEg8k482U5nW/QF6IIphQogXKwHt28iV1sTdDWVb54skwyVZ9ciLgUky25XvEnQckiaFZQbfmPbbGrlc10tccNrpor4y6MWZWPLhxOHXdYZXHAq0z5M44uv85kaxQ44lCitp/mpJ8sPmY+8nPp8GnyWe/OPBjqjwbqjO+Tt3bg61nvYgNTGvDtfA1e1uYNYLSztqSv2QPbR4DDJbeWaM2LYKunPCu69wV9S+haobX7OoEEZAsDLhCKludioqEjlQqqvvollBB3A1uO2qFVGDGN1Cg7u7Czyz3ZsmxV8AGuBYkO0naFs9Y2W52vWrmzobe9llkPlr1sFV8c1wHdyjLOWcUcRBMYFCwlDSy5TBXkDmSkMJnWTv9G8Ua3oWozanpmU4M2oxridvLTJ+LXPh1O0DKHHL4EBPerF8zqdP6jrOmp5Wky+WrFCw2o244wVW9yntd8VfrctjebpV2+Pe57Eg3Z4rOK4jPsK+I9rbIdzXiEOFLSUWRA5I4XiwSwyDRrBCzwXRMSNeX1HqR6pqcuq1zNmz5cgy5G2Ku51NgkIFXg80APzTTyO2Vsju1tlJOQ9i24gt2qrquK+HMptq5kXdrsnZNoszre/PiEZZ25IqKfazhiQBNsbQhqo+wtioR45LO1KWSwtjVmsbIgqwKKKmwDU4wALcgXVgdiSff7yZiTGmMFUFAm6snmgO5JPpMeTdaOVUjY8pXSKjGoo6oneevdTqve9SdVT15V9RjZSBusj3f8AnLzvzRiMRGInRyFsdlY9nns3a+TtfHdtX68zmZa7V9dmnfv+qrabAwop3IUL7o2GFl1K1DNX8CopvEq2SOkU934+1E1exE5xJGskaTPfHCr2JLJFG2aRkauRJHxxPlgbK9reqsjdNC17kRqyxoqvQexrv6RJ21zjkGWMO3Dqt42MQ8VPKwn8eBJXzOKY5kE8MgHKoBMn4/HK0aRzmxyMYs6wSf4Jusz6rCvnOmDyQ232g5/Ur33v0r055mrkyYsrtphldMo5OwUewItmRlrkGZy7Rq2ulObecV7IosIVhPM0TSSawwcRag6SG1gMn5btR42Aniylr4gBwsoAE0zpkY+QdkYM+myOr5dRlUs5vFiFJ3FKvmYmPIvu8x5hrVQrhbEQqismXcXNA7i20gE9jwoHf0mTt0HjIxlkYfxdyBq9eHK9WeJCVKYSyGmjIkcMqJY1z+r5R5fLvNGijkldNPYxxo6BnfPzdXB+aOyliCN2OlSqv6YNjluPf2NVOH52sravUELFRfs5Bb9zycQABFgWbI9eLmNcj1nGWpaWw3jlNnE2eJaKstzz6ywrIChzq2ZLgeZspM4zWFHiyOUNzymu8NrI5E8q988apdImJ1wBhlxsEdiQbF0ewHJo9qHevcNjpmfqT6tWz5LwZEzEKBQCkEL3JPYj1vmal5y56KMRGIjERiIxEYiMRGIjETrl+MX9f+hcRJn7Nf8AlTb+p65/rAMRPQ3ERiIxEYiMRGIjERiIxEYiMRGIjETVvftko6vd9oGswpDpXgCjDo2aSBAjJ6etkGPRWMkQhR0X1jPRrJWvc1XscjXtRMEB22gFQxpgUhykhthFc98w6hTecDncZH4fVsz3iQkhNjlRY2tNcQ3rLBFk0auuCSL+IokfrEV2+PI/OR/aDLf7Zav5pL9aX7OREe2Wr+aS/Wl+ziI9stX80l+tL9nER7Zav5pL9aX7OIj2y1fzSX60v2cRHtlq/mkv1pfs4iPbLV/NJfrS/ZxEe2Wr+aS/Wl+ziI9stX80l+tL9nER7Zav5pL9aX7OIj2y1fzSX60v2cRHtlq/mkv1pfs4iPbLV/NJfrS/ZxEy+s3vjsaleHZapZWV4pD5GXcWxSAwMgV8Dohlp/RBUT+61k8csymeJIwjrEg8kLJFjkcjn4HsOD2+2WO0oBRDbrLD1FHjv/s+2XAzkTi6YCGAPRLEM5kMMMx8m2ElNl7htiRNOwX0NAyImYQoEJrnSzQxJWpMkDnlzNTJuUgeyAQADV0eRZ73dDjmueR6zEisp9pi49vg9+VISu1bWIJ79pRmb5xtIeJKBqNqJWwmDTkgk7PIaSYMwiaUsLz8dKCg7CIJIxoZow3TjIPHK55Ej5lkxkcEWeSSDfIHoP8AF83Uy+zuUjdQUBgaot6mvr+r43LyFu3GUxYE6cf2c9UNO1LER+5lRm2LGwAtkjZYR0jIglc8eadsjK6ZGOsjGdx8cYCBSvAN8sQAL5AIvn3ixV9+RMRDGua59Cbq+3b3VXu5nRBs+iMNspp9OOlBLlDUAJuykMkq4YhyWGMYX6OVxkhRTxCGPIh6QQwTCtRXEtJgL3G/t7N7e937VX6V29b7kS57GvpX9lccH17f49ZeC9y4wkLHkD4xsRQUQZDRZd4sSiJYoYxElkDM9DwMDIMnjKdPMQJYDNHLjgFDHmG83NHBQgH2+QpB+ur72fXgfYZTa28Hcdtqdv2i699j+2R/tOz67BNGSJUlUYfdjH8pIVLaTOIcpE6yumcOI5G+F3Yo2eD1bFAxZZJp3yzPu4INMu0gAEUR9psnmWClSwYm9xPPoPd2Hb/BMxL28UHzUn3+n5Gf7/yvf9/1L6srFjtYv3XHt4oOnXxSenXp18s/p1+V16+/+dix75M5+3Sk9Sq4tEVzW95wsiN7z0RWorl9SK5qo5PX60VFT1ZO1toajtJoH0ugf7CPzyaNX6WR9o7j65f0PHX3u/6/e+J/+eRIjz8H/wCP+x/+f5y4iX+i2LVKaYoratfNvwnCxNGEGtJaV8c7jw3PnUqMUxXskCYaKxPLvRkxEZCIqwd1bFWWiwI3CxfqJJBHf650VO96EITZy22rlW45LYfRgrLsqtSskZKiyulmhEmlPjlhV8aRqoqsk8ObxHox0UlZE+3W+6KbXxDU2qy0RqGlzEHLcG2jZwnrD5ARgxcDVHlERCUJKjIVp6zxKoo3lkSRE7LPfdAKmqnV2pkVgwprybUZ14Wc60HeU16AQkyiRT18LAmMGbJ3jJkIcQYj0SWMaBE+C75x/DeEGk6oYdRyQDxQ0kl8QOQNIxRPMENtw68dZXysiLbC2SvWOFSonztMeM5SUSlH3fSI7aUojXSSqmQJYI6n0uTBNAa4aNrjmWUQyPe1pjZZ4hZRZGNGkaJJJNJF5x6JfbjkPi06vJGpNBs6aymkY4awk2wq2jHYk9q+WNwEtMMk6vHKqoWPaTAsclS+ZUeyxngiRLVabroxFDUg1ur2NVdhRtZb3klzKfBby9ZFdKlVJWQJWr7zYoxz5I2sY/xmkSeHLCiZZU7TpJ+x0tzX6LO7XK64JJsaCe5ms5rKtdPHJFXymSAjL1DHVIlIWBGlPXvyMiRVbnS6RqdDpOo6XP1LSnW6NMgObTKLOVbFqLdB297D65x+vaTqGt6XqtP0vWjp+uyIRp9WSQML0drGseU0CQT+Lb6pMnH9QSzXSdojroKykv8AZLcGpFiJeQsEtIJUSHDu8ZXT92BlwD3JZV6zK+Tp08NyJqanJjy6jNlw4lwYnyMyYVsLjUmwi2zmh6WzfXN/R4suHS6fFnzHUZseJFyZ2otlcDlzSoLbv9FfqmZ5gmzGIjERiIxEYiMRGIjERiIxEYiWbY1gbr164lJHDJTWikNh7nirAgU6ypF4iLH4ix95GeIis73TvIreqYiQJ2ZNu7O2uX1ynM+oybHrMUlzcCwm1DbI+9r66jsZajWBzxLitdrVyZaRiRxGCjm19kUcg9mZTAANKmw48b/OXbJkbyH8ilUi0XGM3nAWpG7KXxgXYpD2NXj1AZsePyaGVRqAxPYtk8kYWPvTGFzbgKa2WrG6SfccudnLkuk26w3DU59a2ILROIKyljrdTGNsLe20Kr4b06yB1yxg2mvgoqs2j1bba9lUZHEJX68Ul/EVYbCsetrTS4nxBseRrxhMuwg8oTnxugXgc7PMBsH6TAc0ZjyrlBD4uWZlLA1sLeXscuLBK2FK7SCCASKBBpoudOy5Ls7CbHs7jSamtgXPLWA1wAVl5WW0oTRYWFR3/vCwBW47oEnYwgc5oSzxxyvnH2FH0w/IbSanGO+5dQ2dG0+RaO0FMIKsSCLJAHrM+MH8YchAY+V5YG7YtJWUsOW5eiNp9/vn247S3Ep+jV2lpxULZD65Siga0t1rVPPDXHTW/Gu3bGtc99+Ybrmu3u6UHI1tNrFMT5OMTkA4JhLUKs1JtjVL04yk7Uyvky7KthkXHuCWD2YZCAwqiOb7QVBfI5JJbCmPHdWjYwwV2428AqFq/o8iqmP7fy/2aZSVt9N4GGmJJrBhzNZ2kQ+v1ZpzG8gRmzRG6hv9dsiQmLsGnFQrWn0RAU+psg75Qks0ReHyyceRjkJyPpNTpwn8AZM3TsmnXIKX1zuHYliaLEL2EyaBn0w1YzMcvnNhOI+uMY+o4tSfRe2BDjHeya4HJxrTOctA1DlvlHdn8Q6te6Zu9pbT67ptrR108WoV1lto9lANTNImLZVyVutyWNaGgxBCoW2uSUiUeGWR30Dwp4p0Hh/q3UeoZ+npqserDLiUozZMS5NZgfJtrUYQCNKubZbN+O8stuXcD3Og9YxdIwNjy6VM+RmwkvTEhMQJIFZUAbeMdGiKBuzREL8obiPyFvuzbkHQVusi31h5uCkpw4QQAY2wQwI2IYdPBZJN4PmCXM6rKTLNK973vc93n/EXVU631jW9Tx4E0yanKXXEgZQo9LDZMpDV3pyPdU42fJ52bNlChRkyM4UXSg1wLJPH1n65gXRflL9Rc4kxTvFRfMj+pf8ADxfIX5o3ESeKqqsbyxDqakSY+xPmaOIJA1HSTSu6r0RVVrGMY1HSSyyOZFDEx8sr2Rse9KswUWT6gD4k9h9skKTdC6FntwJKIHDGxEUG3XVjKlTNqDCJDw5RJjII4oqJmwAkHWwbpa6tD2IWWEbUzpZZRNksJoha6Z/iRyPhGL5MiAV5fHxP4nzrFHtXHYEHnt2xs4CoyndvBJ7iqfZXbv6+6pD2Xl5aN60ijo+COz7uQOjl0dzusfLrbvc5dh9IC7smv3ba+vaLQ+lSva+uvDvdXzO9GVfpN8nmepnd8ZETXBjHyL3WMc93RV6Marl6InVV6Iir0RPWq+8ietcSCwUWxAHvM7fKlfO0/wBZk+Wqf5vy2qn+lFT5C5NH3Hjk8dh75XzEqwykc+o5r7ZsbrHZyP2xtTHW7ZFCVZVQlxJFaafutOHAMQyJZPAt7WmCqbB0DpU7jhS1jOijmcA8mVIYJtzHpcWVVIzqQwsryK5IuyKPbgjn6pxc3V2wvkDaY+w20MCpL+vYEkcUaP1ekkMHs8O1KaXxywjriSsVorrMDXdi1+cqMQI4tstcSkxtUgxiRCuMsIBWSDnIMMVLKhjE0taR05lIwHOHBONyQyGhyaBDdzY94qdTpgHWUYHUppWR9r46dcgtiANxtL2j0sXzdGhLGk9nJCak24h2aurS3Ps7RgwtDrjY/NVMAgw7GscPG4WHyttPIxGR9Iy1esHR75JHdLpOm+f6RNTlJxuQ5CqNovcwJpgzXVgGx9onB8Qan719QyaPGFzYw2P23O4keUhNlSgpvUgC7NGjNROfhbPWd+tdDNs1tWax5COKwTwmKVDb0lHcrHLGN/eyuHInlVJGIj3ukcj/AFtTNXVYxhz5cagDa7AkCixDHlvefjU9BpdSdXpsOdsaYy+NGK41KqNyKaALNwLocn6z3kF5rzPGIjERiIxEYiMRGIjERiJ1y/GL+v8A0LiJM/Zr/wAqbf1PXP8AWAYiehuIjERiIxEYiMRGIjERiIxEYiMRGImgvNF2RX8nbZBA1EbJFTwSr3k/HIpdeqXOYqKx3d69enVqo7onqVPXgcdiRfuPuv8AbHoR6HuPQ/WJhF/yPfbMLQh3Da+aLW6oekqnjVdTXEtrRIoYBoDTK6vFLtXwQwRxxEWkxhLG99GzJ4knekMRj8sfQ8x8tf67qisftXGg+yXLsUxofo41KoOeAWZiKuu7H0mNemX/ADBv1xftcjv25lOxo8H3ev5p89NO+YM+uL9riI9NL8xZ9cX7XER6aX5iz64v2uIj00vzFn1xftcRPRfsV+xfduL2QfSt05D7K3FOv71qfH2zQ6jtdlb8nce6O6uvZ6gW8jGaLuWxUhRUK1pkE7ixYpRWK5Y3SpI1zURN0mfgbn2YuWNksfZt0uSKRjZI5GdoLg18b43tRzHse3fFa5jmqjmuaqtc1UVFVFxER/gbn2YuVjZIuzbpckb0RzJI+0Fwa9j2r7zmubvitci/IVFVMROf4m19mP8ApadO/wDiA4P+/vER+JtfZj/padO/+IDg/wC/vER+JtfZj/padO/+IDg/7+8RH4m19mP+lp07/wCIDg/7+8RH4m19mP8ApadO/wDiA4P+/vER+JtfZj/padO/+IDg/wC/vER+JtfZj/padO/+IDg/7+8RH4m19mP+lp07/wCIDg/7+8RLmF+Bx/Zjw4nRJ2Y9Nk70iyd7+6D4Pb06tY3p09vLv83r16/J971YIvgxJGT2Bn2bpsjpY+zPxxFI8YcRXs5k7OPVIB6uCoRrO9srkY6YUaKQl7Ea+c1HnyOUuWWZ82PLXGVUqu6iRZ9pQpF37h7r+MxDEgLHkljZujR9COO4rvzPhvsDPs4FgEVXE9nPR3CmVsNOQyPnDs8QSOqx5YpoQWkQ7RGREOySCFyRxSsTpDE342NiJhw4UwbTjFFMgyqeAVcNvDAgCiG5mYMQ6uD7S0QfWwKH7frlhvPwPh7Nvsl0Ptp/ButN2uuOAsRLkntDcKl2LiKyBBwu6924vg6QRIxkbZ3eH3YfDexWO9e7q9XqNdmbUarK+bK1WzksTtNgAsSaBJIsy2XI2Z3yZDufIxZyfUmySb+P9syKn9gQ9nNodWrNQC4Q4hno9dtzrurFst77Md2URa2lnW2JJxVndGl2Fi4cqrHmDbcFTtBHksAwYooLE0cnCjlEzKEUjMuNXsAn8W5ZStEC1JNE3wx4Bmg+jxPqFzneWBJHKbVsEEUVLU3BPPdV5FUacL2BT2cKjrGsdxZw/XxVwQ7A6mz5L7NZD7ViWzy3NlQwoiuOLrySWSyHXBXisFkCrxS5oo4g4arpsTLlyHJtyM2MjHsYlzjVwGVlUqpG8ghjzY9Lm2ceLICTtV19lcQU22MhATdEUTjW1Jvd8O2FXP4Hy9mj3gW1luOONCsqu0tAtikGH7QXBsFJbW8Yw1KEeOJVbdFWwTOqBY0GkZDDG8WDw2ohCujzM2t1HzfDoHyN82wm8eNm9lSqY8IO08A7cKLwBW0j4TKMrtjbCGpMbvkOJbKrkzMcuQ1ztJLb7NWDLjVfgfP2YqhIkKr+z9xsyRYY4mlr2geCSmtc6dhAawee21VHmIKDjYPPGyOZU8WNHLG6aN2pkQPtJshQx9kgCmUizd2DfFevMqhayFTcxpaokj2hRoEc3XvPNAXLmP7Ar7MHYweZF4T4beIXCbZK4HnTs9PERx0REw8o6i7G6BYClGSGtJjckYKPI8t4A7J3vyJjC4hjBJQnv3JcBkAJAALEEjjkX299Gxu7pk8p2IBxIaFEEi1Bokmx9EH7PSYvYewAezBbiLXwzcKce3gNbQgx1hQ3aY4JsB6/XXTTk1/lUbvTEZWSzOIcNMz+9ZHSSuilf3XdNvUa3Va1dPiz5XzLp8TYtOpLNsxityoLNAULr3fCZc2bJlKtlcttUKpY9lB7Ak9r/XLcV+BzfZeipI4yuB9FfKxYRoo17QPA7H95o0MUMKMZvjVdJ5UeHus6K9zGJJ0VXOc7U4ANdh39fWuft4/VMQAO7aL21vrmrut1dro9+9S3P/A5fstEcrIJOCuPo55J3Cxwv7RPA7JZCWMWR47I3cgI987Y0WR0LUWRrE76tRvryfQHmiaHB5MBgTQIJN0PfRINe+iCOPUSmM/A7HsrlcpDbDhXjQFwoDLUppnaQ4CFUarlmePHZEJPyGxYQJJ45IGGSd0d80b4myK9rmo9SPUGiPUEcEEd7viCQLsgUSDfoQaIPxB4I7g95FvJvsIPsiHEFFyHfb3x7xTXpxbw3uPaB3OgA7R3BF3ugHDuhgWVhs2+B6VUb+btFtRAsqThYy6yqKYZZxJViLMfIwdyTPJNF6oip7yoi/VxE2Po+FLmsptN3yq5s4GqrO8bCbXU3uq1UO3686eGRWe2StUR8OvEMXvDzj2JbJYHvas8bIHeLge1+LPHmo6NyD7LDaR7rNgUff8ACYMz0UU4mcFgbBUbWUNkU8nvaVx2NfC6u41neoKnapTOdeKrGIoy0it6oPkgKyM2JaefdnlHBxQBSQFwSrSGkVT3EDz3TNt1tlJCfLeLDBnRChXIH2umLIgsGwBsXbd92FEEcAD6pdUCnIfLo1iZmNbm8zzDXoTs28jnlhXFy59nrkOHii2u5yh472k2KlsdVu3VR18CUleWXSXkBNUXUXWqWHixW1JWRniTWAsFjUutaqRw0hkRwmBXdPaSgzAKSb+geWAor34vvdDiTkXzcZxn2VJs+pI7Vxx25F9ueZtSTyBru+0hh1GKypkL5T5M2eWgjEcMyprdoH0x9S1FiYtf+PurLBFGDJIUV0CtlVGSQSTVUEKATZA5Pv8AjLAAChwBLFlpMYiMRGIjERiIxEYiMRGIjERiJYNr9Wr7J0+gFx/ZxOInm8GSQieqeZPe96V6f9H/ANbESv8ANE/PE/16T7bER5on54n+vSfbYibmcZ8H8SbLxpTbft/LJVPsdrqvM+xy0AN7QCi1s/Hek8hbFp9HalW8TJhdg3/YNJE1+toq+K6MjBvqy7NkrJLrUqnZtN8+RMTZCgZt2t2oAbKaYkY2u6HmsGWrsbdxCqVJw5sjI23GocebpMRb3NnGNshItSVxLkUkqCLsWSCBNe79j7s+Ur1H1DtSVm0kUu2bEFuMq3ulig12nVeqD7QHsNFO+7Y/YZmP2DU9es4QYnudsT9lArRy2UM5CZBlrBqGexqE6bj1WnxclXztqMaviyEAil0zPkvelstBiSEbNjVvZOalViUDLz+M+bnIvs2zBWzfiwa7ckj6QwXaezPwVT7xVUNL2mqi2oJDecR7iwPniBIDG4zE2IjWbOEumg2eqWlvpKgDzJSyy7FdDWcSceaduNxILRkbOqU4nZMRDVrs+nG43+Jw+a3mEjaL2Y9zECn5VF3MomDp+R9SqnOoTfpdLmBQhR5ud9OrrTFztHmsAO6mixKq1y7sXYu7LlcDbF1HbBq7Ikorkyj0+q9Kaq80jZNX2Sp0DQ4NhfDY+DW02/7b7aLqG6VYK+s4+oxdhKJbFaizLgxOztjOQeXjyq+O7s4tRjx5CwYLuJRsr6VFIXnfkO8hS2Ocj5ULqqDI6PjsLSh8WTIBvUswAZMa5nZSSx2qAtlQ8Cchdnji7UOFyORguXpTd5loqo1vFYmw6jsF/qV5NvNjr59Vu5NSfABFXy6mCDt1NY0xJdybNstRWR6tNW19/sldbB5rhzlUY9mEsoJBOTL5uxVBBYAbFZzuqyV9oEFTU5W83GgA2vnKFqPGIY1c5O93vfZtq7RiFIZSNZr3WamjqteuQeQ6jZZ9geEQFSVSHLaVobY3R26bVAT4SUB4Vwx9YBXO87JdCwT3wssdGRTG3GVaZN54JIAX1sD8ZfpQagPfyeQRNhrVynBAv2geCDyhAPPtL7XvFgEAgiZpUWx9FZCW1XOg54MvijyuihnZ1Vro5I5hyI5RyYJonvhIGIilgIgkkhmjfG9zVxugcVyCCCpFWrDkEEg0QeZINWO4YFSD2IPBB94I4PwJmz/pCk5I0HkLZUqIdZ2AsGAE8gK4kKoYRdQrA9gDgLqjVZJQB2zagfWdLgr5iRvSKeinxKiDSNvga2zqy1sxjGpHY1jGWxd8ezsrg7qP0ZidTj8sr9Byz8kE3vKngVTE+0SeCLHczU/EyTq5D39dg7O/Zs0VdV2aqTQWczvTZrMOOHXNp9suwMs1brRbZXyGOpvD8nbJJFF4Bb2xt76L1xE1rrbWypyUMqjzK0tI5IfMgkTCz+FKndlj8WF7H9yRvqe3vd1yepyKnqyQSpBHcdv8CUdEyKUdQymrBAI4N9jcvzt73GYjzBO07HO93cbM9bo/xpImzqQsfiume5OsrnytVyORsr3Sd1XKvWxyO12xIYbSLNEe7ubuz3vuZi+bYQtLjQEEstopAagAaoe4diDx34BG4GpdqrS9Vp6+pdRcgbBDDLFMQzZ9ihvHR9B4JFFgmmJHjlrw7FhSACsCr0QGwsIyXzIedCRtYc3T8OxW0+NgAysHCMedpFE4/Qg0KPfn48TUdJ6hqMmXL53llvL8s4VKL7HmBu2U8kFQTa2V9aqXWl5dudpcX6K0DdraC2msZqQapsQZiXiGdWxiHDCTjFXDYfIBqRPZecY9RPNeVgWN3jczWY9fqXC6TKuLShiMWNWClVuqrzkAAAAoIAPdPQdKy9H6ZhJ1+nbLqxtOXK+JiruFH8L5vlv2rJPmtYNXwSc51zl6KjjLisOD9/fsU8eyrCYgAEZrfSckKo6N85ERUUcEI57ZZIGOb4U7oI0UdyuXp6DquPpmnx6XWMzZULKD7RO5nb3BwSd18NyT+fj9W6Jm65rM2u6eqrpMhUlQMYAVFWgdz4aC7fVKAAHAmo3O1dsW0bTsvKrNL2HWdXtLGlrvDuhXseCXDrNKPBGQWneFlls1HJMGihmlmQdqyzMjY5jnYs7/ADlsmrxq3k5HamIIoljQO4KfzgCbekOPSDD07JkX5zjxKNg5tURQSGUsh4F0HPf17zX3NedCMRGIjERiIxEYiMRGIjETrl+MX9f+hcRJn7Nf+VNv6nrn+sAxE9DcRGIjERiIxEYiMRGIjERiIxEYiMRNGu0XUChbS21iiIaTcvjUuSUcyMeb0fV1osHlp5UQYhGxr3ZvJOXwZPiCFSXpiJCgVlWDxI2WvY6TvOc9fAGKY74lqNannUllYnxPrVkqI1z3P7j/AFMXEVy8060b7qdwu+xDUPSuOPce8lilCkYsBXDgC74JFc9+ffVcTObattDKCYkPUJhgSHxLHYQ65RMjYni95jVtQ4GlwN6DzNerZGtk7kjJkSNH5fE3s+UVPmBd7mwFIoG1B78V2Zj7u3GoSozDM2ZmDEqq7cnDVRBu+LumpQeKv1iRWMcvVWNVflq1FX6qplptT54cfzNn7Fv2MRHhx/M2fsW/YxEeHH8zZ+xb9jET9APsPfstu/8AsffB3OnDus9n/ROZtY5Z3+LYtjXcbW9BibDNpoGsl0UgNUNOKZXGgDOUlhXVZWzywuY6Jeionsq78FGdoRaxaePsdcXjV6grWsiC3nkECQcPy/lWxiFBDjlhPig6NHIEnhJGc1kkE0crGPaicKf8FEdoChqq+lquxvxcPW1YkAIUD945BLkjGGjbHE2QowcgsqXutRZCCp5iZ3q6WeWSVznqiXH8VPdpD6T7iz9+O8fcWIj8VPdpD6T7iz9+O8fcWIj8VPdpD6T7iz9+O8fcWIj8VPdpD6T7iz9+O8fcWIj8VPdpD6T7iz9+O8fcWIj8VPdpD6T7iz9+O8fcWIj8VPdpD6T7iz9+O8fcWIj8VPdpD6T7iz9+O8fcWIj8VPdpD6T7iz9+O8fcWIj8VPdpD6T7iz9+O8fcWIj8VPdpD6T7iz9+O8fcWIj8VPdpD6T7iz9+O8fcWIj8VPdpD6T7iz9+O8fcWImB7x+CUOUuSWVEe89hfhvZG0J8VpTef2/fu9W2UBIpcBoj4B4XxEwlAiTxSo7vRyjxSM7rmouWV2Q2rMp96kg/qkUAwevaAoGhYF33795WXvs7PoviPT6aDsgdm+8o72tqDieJavceZ3TakTx1djAaeFsUEwMGvNkUOZ93Tvr7KxInHqmR3ww88FT4mEouYnLlUeZjc7A1Fn3HzWfdXFu7AgkNwSe9muNzjy5nTGqvnysuVxtByDFixIjtQtgwHlgNe0IP4JAFbe+z5u1zQpNcq+x32eL+sumVqz6lQ3HJ7YGpb1lZc7HDfH2UQEsCjWTo6A2MBtxDsJ9HYKY6Oijoj7q+LGFxMQPLO0Yxj49pcbbUAZaAtVDi+3bgzLiz5sOQ5MRbG+9HLqwB3rtZWJB5KEUO5BFiuDO2m9nGqwtUgAD7J3ZXqatuo0NRLq8V9zY0X0Pq19WCavqSh+gWQH2VPFKbeAqWOlEDQw7CO3ZVO2CWmu7YXe9vOFUyNlUqeGyqHyh6WqY5FC7qBDPuJ4M2E1WoRsajU5F8lzqMR3N7ObzAQy0eGti4e+CCCbl5ovZ6XQag6qi7K/ZaoqeQBtFPqTLPl1uzj0Yw+uUbg6okbX01kesbVX9x7XwB98rXx1Gq7FAWJrtmbr9TfzjUY9ro2xsS7EruBmtMgBH0QF5PYMDNHIBlJxuNy0AWJv6ILqKIJosoH1m+4mOUvs8rdkqRLrYOyJ2caS2o9sSx1fXrjYeZbAmptKyvinH20SQatIp9eE7xhbK99JMXcP2KEo59RAQRBbkYxYLIEAQqfaJFMQxYKRd0WJazYsnsZlxnyseU4zsbO2NcuNQBvTGGKszCgQh4Cm6LWK5l+ofZ8U2LkA4m57LvZtpY6S6U+s5C2ex5usrO4YKIbMyzqhxqG3sWFFOqw4I628Oq4SLi2CJPJhZ6YtQZ3PS0K8sB0VWC+2bDKPrskn1N+8zXT8V5eRMQD7nQUUBxqzu5YEVwWZmoc2eb5mMW34ILst99uztt7GHDxYrtQsdPEhsdm5FbNtmqz2KObr81fDcjhVkRLJUnIZCSfOKAhdcHKbAxgpGYY0ZsmVsgGRswu0LFyzW2XdzzZLMCbYi+ZkZd5BdQ298+fIG2kDNkO9jR4LZHPLgXfJJkF86ezB61yjpvJO/P7GvZtp+eeZOyRyv2Tit2Fs+U7LadD4h3+w2KmtNXuir6Ou1lzpibojf4VBWyQ+oe6vuNkrZXy1LMeJN24EBAHAXkHeGPLcfR7n6Xeu8yZNqIjBgxNhlAI8sKDX/iugAFHrfoZ4G1lEJr5duwWh4MIU6looUiuBhb+MQqksCJD1qSLmyJEEtrlRDA7XvMYJKDMEle5syhkzdJEXQNjz5FwalS63jcJlWkdd6lQWoMLUk+yeTyLlAPMYqCVrzDfa/L5HehzVgXZsVyRL/slXDNp4uqx6z2YK2CppzRV23XQhStxsCfRlew55VhJtFsefbwK7y4BrattXNZMPNoJZlc4x2PTYFx5ySyOHbE1Ztr48f+eBULY45BaqHs4wdvG6mD2XxFmYt5pBVySpG7HZcdio4oWAQX9LIiTdeNg7I6wsvbXx01aypoEQPSq99OBYKT0He0AJ1ZXtLthlVDL6R7WNjWVUhkeyHy4/S60gza4G9GgXTYV/6FiTDh4UgEoMjhsp58xlbkgEgeu9rnB1J4xe0q/wCYQLiBCLwACwBrub73LPqsQOpzLGTEy1gciSIkolcSjJPMizoqQWIxwjkc0V0EnfhVywkStRURy9fP5U2OVUlgK9auwD6cevP1TVPIPv8ATmpNvGbYGi3jRZPFGS1Xy8ncfGrofCb4SqyRXPYvc6d5rnOVF6p33/HLEC6F965/x8ZJuJMYiMRGIjERiIxEYiMRGIjERiJj+2Iq6rsyIqtVdfuURyIiqirXE9FRFRUVU9/oqKny06YieZAghnRP+VSfkf8Ao4Hr9Xv/AJFxEucI5Ub1c8+QhqxzM8OaAZrEdJE+NkqLBHBJ4g73tnhRXrE6WJjZ4p4FkhkevxHNcHuDVj3cEj6ifSQSKIJq65uiOQeD6c0PiCR6y4G0N7SpAy1U0Z9tUh2da40SCF7649YyQrQJGRRMljKgieyF8zZx3wTSvbF4yQzRQGBUsKK0TfoAGKk/D2lYWfca98ruVjtDcq1UDRLbQ2348MCQPh7pavKGfRYn9rgfcuLHvHoe/oRYP2ggj3g2Jf1r1549eO/Hw9fdKwejuyhDjhibKcKsYPJYlQgiSDgxlztFGeVK0RWQNIJeyCF0jmpJK5sberlRMn+E6dnQAup4ZQWCDcDyLYhQDzZAkEhQpJoM7Y1PoXRC7LfoVRWYg9gD7pxHprguE8gY06eCrFYbYyxiAuYGJKaHXRkEOQXpHE848IRr3epZyoWe+9ML7VbfaBUMCOQVLKgII4Ns6gV3LCu8q2RFZVZgGZioH+sFZyDX0fZVj7VDiu9CZPrfGXI+4wSE6rS7ZsQ0RDhJCafX0PHYUwdS3jOnHr5IknYMizuh7/iNiVr1ajXNVepoOidW6oj5On9P1Orx47D5MWMlFIBYqXNKWAUnaCW7CrIvex6HWZsZzYtNmfEqsxyBDs2qLYhjwaHPFn3TEZa+xglkhmsTIpoZHxSxSCBMkjkjcrJI5GOERzHscitc1yIrXIqKiKmc10fG748ilHRijowplZTTKQexBFGak7BRDPNDL6VJVEIgVUUcDo5ElaqtXoKioip6lVFRU+QqLlYk9YiMRGImXcuW1UX2SOx1Vi2deTZ1SdoZbSuHNGmPrUN2+GYNTxI5HEBoXCiyjKRHH48SLJF32J1xE0tiWJJY1nZJJCj2rKyKRsMr40cnfbHK+KZkb3N6o17oZWscqOWN6J3VDuL7esg3Ro0aNGr59OOJfoSdTb4fj0uxSqhbXy+Fs9bCjwUDex4zO/qM6xluPWMlprvFhaG14KgPme2xZmJw3wrV/wCI+4fDjm/Q+73Gau3V1/nEBoceUvfcb/7T1WqBujzZ7S+s3VkIqVQ7NgipFhNHfXpdUyTOhIjZBBGhjdSavdjhR7C1dA5TFkV8ahuWXxdTNhxttOO1YFt26mscVV1XY3ySeO1c72nyZFtc5DY6G1VUKQx+kSwLbrPI4G3sLsmZzqPMwuqkylyUF1dyzQKK5lhtgsEEcEgZYc7YGV+qCyxOewlj4nrM9YXwNd0kerXsYRlwvvBDHmrAAF1yBZ5Bvn4/bK6vHh1WPyyWRCBvFk7q+PHFcEEenx4lKv5C5AHneRNw9yQQP5+vlZFDLawtDkhPHKhrAiJdGM8qCVOGUM4RUkJlgKMFaSrHSNXT1OnyfPMeq1GRSy5BmGPJjDI2xt22myUQSOeKHavfsYddgTpuXp2iHllsbYcmoViuZdy7WKsERwebsP8AWeecX5d5E2bf5LGpsOPNw04cm5DPnBKfYWbxJYmTthimBk1+gbMQ9DGtHkcgrmROa1sciSNVPSLq2z9PbCunxqMuVcgfEFVQASwCqi7VHND2q78es8th0WLTa9NVk1r5nw4WxMuYl8h9jaztkbKzk+zfKk1695rKULOERKKTG+EiB3cmhljlhlikREV8UkUzI5Y5I1VWPY9jVa5FT1p0VeaQQSCKI7j3TvKwZQymwRYPvEp8iWjERiIxEYiMRGIjERiJ1y/GL+v/AELiJM/Zr/ypt/U9c/1gGInobiIxEYiMRGIjERiIxEYiMRGIjERiJpd2k47d91UNITv18jyG0rGTPmkVVErGmt8v6NGSBziuiNaywtFm+PXya/3uqCa5mAcd8cXW2DWZcGsTHj1ndkMMmtmVMYQ7oZJEklFnp7acpkj2sSB4gzpHyNeOxkrpPiDYMj2VYqEosRZFD2jYsE8fmmjn1SJkTEGO/IBtxjcrEsxUHcAa5HauffzJR5B1UjQ+OobeXTtWCitbR+vCWdbtdvZHj2DY/Nxnz001HW1j3KNUFqMXIqubHYyyRwMe6BRtqlbTJqFxY9r3jRwF3ULUsDW4WQfZ9OOT3OrjXInUX02TPk83AA742DutMA20uX22N3cA3VhR2mp2as7EYiMRGIm5PZX/ACv7b+n439mw4ibT4iMRGIjESKuYtjN1fUW2gE8o86WwY6vhknjcscsJauRVgkjerfiEcrVd3FVqK5F6YiavWHL2xRudINZXra1j3xCGEy2wsxcL5ZpRpi2NsSh4y5B1aj4xiJIWsiRGPl7rppHHob/x/sktt3sFawCa9DtvgkdxLZ7tGw/Ryz/dC0+6sSJud2TuzB24O3GLu5nZa4027lgbjkrXgtykqNiEASlK2qC7JoYZm3V/WumfYQa7cyxoMk3cYBK6XuIrO8ibg/hNHsyn0qXJX78NZ+/HER+E0ezKfSpclfvw1n78cRKiD2G/2ZOFFR3ZJ5Cn6uRfx/b9eVURGvRWJ4e7R9GuVyOcqfF95jO65re+14cG+/w9P/jIIv1I5vj+yXep9h19mAQ4dtr2ReQIwHPiYVPDs1GYRDD4ieNPAL7owDCZ2xue5kMhY0cr2siWcdq+KwOL/wBv1V/5/XIIJsgm/QXQuhQPHbj9ZmWXvsNXspCCkR0HZi5nJIeD3oZDvajT+HZPWSV8DXx837Ank4ZIhh4TXw+LMMSW+SvHmgh8aePas8AezQNk2AOAOOLa/hXrJC8MSxsKCqjsWtbBN0OLPavSYsnsM/spQNcYXsPBXOdTOwQha5jBONJa8y1Wsmmrq8yzP7QtU+uHLuGQ1xRw9dakB1sk9wPVWRI8dIRRtwFrR5W/Slsbzz3IBNAVZ/PIDURuFAlu3NAIzel82KHv90x2s9iI9lKc50d7wXv9e5hcwneB3Tj896zRTSQ+A6Kfk6vYwpsrwoZB2kyuZIS9OvfjiiIkcuBfsni+O4Iv7QD2uXClgSpFAjvQNX3okel+v2zk72Jn2V0aWSMDs0bJYDRxKnjWvIGpQld98EBkskkYnJDY2+XZDOo6ovdcC+QiViuciw3fZuIQ2tCiQQe3tcH3NY/X6wxUHg2KXt7yATxye9/2zAuRvY1fZROG9QseSeRuzrsdFpusU9jd3FmVuVOYG+sp6i22U4qaCq3Wc2fpT1pxLGAtjcREFFAMx80jWT0scc3faubkf4/x+aaIU+zb1LWMsdjE2WjpB2vZDejVd+a884iu9LBwmOstmpK2MJ9QWlqhYsyyRhQCGNDKFfJK65TIP+yyUE3k7G2hSAVYmqCtYAYkA3xcqGDGlIJBANc0A1Nf1C7HfgjvJB4y2knYRq1xZEzzZGXLiolfYSjrCClMEFMwgw4pksxD0NJLiY3pCRKr4lhgnjhTIcgOFcezGGRyd4QDIwNmmcC2AJ4BPHFcCa6YGXVZdQcmUrkRUGI5GOJSu0bkx7tqsdvJC2dx55NzHmGbUYiMRGImMbs9sWmbdK5jZWx6xfvdG9VRkjWVRblY9Wqjka9E7rlaqL0Veiovrx+r4juPqiarry9SuFp4o+I+NYpamGphQhK0yR9jEFTE1xzbZshjmnSW55Dbycp/dMGNgiGFIZXMYG3XGFwrDz8xtasOwaxXIO4kE1zXJ98uWBcNtAAbdt42nm6Irt6UbHwmfGBVG16hUkx3/ZxoiUEApfIDvuqLbQEuZ59j9IW7vahDW2Jla1raA62bYWrgIvDAa9zJEITPpMp+ciw1op/zwZ8L0QptWG0k7t3ezt44WxkfUDCm/wCb4n9lRW1XJ/HYslilNH2DjY1/m3dDwxvGtk0gG/BbtnujcG1sjdbFK9rGuWlrTHrNX1sLpK51RHp0Ii7ETOqwEyOL8kZYrLJAe8FiEN3+o659bq9/zfS6bamLBt0eLFpsB2YyTlKYgEbI3Ad+WZiATYqYtRqTnY6jyMeIOF/FYEGNFAUJ7ONVFE0S3si2snk3KLjkGg82oOwlyuCQieOGetNFkEnPc0dRIi7N7e4HVTPcsR1hAOVODGrp4xSFjWNeblOQUU5NG7591cXZ+oc/VIBHqD/8D/YffJ848giGTZRoO54I97PBD4ZDC4/CiRY4+4XEiRlM7jU7pEaIyZvSRiI1yZkkSR8RGIjERiIxEYiMRGIjERiIxEYiWDa/yrbL+kFx/ZxOInmwJ731P93ETbDsxdoeDgO62KeyoHXtRe1GwPWIZ8qEpsLeMuTdN1WE0dtlWC2Wty2u/tm2II2SdYhBWWdaNPaV4g884duPOuRwHTcjOhFgjHh1SBTd3jZtQGbGVILY8ZP0QVkkHFnG1Wd8HlY9yhgrNqtJlbIARQyrj07omQEMq5Mig1kYHNWdsK02bQuQdQ5PpzNpO2LQxteprplvcSF2N3FtPDdg8ncZyLqFxYcdJxYnkDIISz62wI8gFBBV2ZsojGEVcyFR5eRcoCqAApyZRkCChQRbOwAAL7RH0qms+BSCyttyF1YOB9HaDb9x7TXTkEF1XGCaxrKyq7ce4gz28Eup0zKi8swJpYa8+1AtaCpA1+XWh6/Vr0EkG7r5oayZwslhPaEnWdX4tFalFVpprZ9XNic6fU48bAZM2nbAjEc4z5ZRcmM7gUyqTa5VZWUBAD7AM28RVcuJnAKrmGViV3Ej2AVPvQqntJ2YsxP0iJeNr7aKTCjP06u2IIq0tbN+6BTWNprbLYWo2Vhml3ouwaxtnn23Flplfo+k7TULWCi1lfxnWS115dpuN1DU7+qdM2q1+dAqDVZspUIu18eA686vEpyAhmKJtwoSE2oFAUAbJgZC4wBjfkah9UoK+w+XLoW0eXzEunVvMfIVJo5Pa+kd0xl/ba3Obahttl0rVkMHEmhdVCm7KFrUjnG8WmwgpQD27QYdUROJqIU3SomJrloLY3UZwcvnGLDiwscOwDb7K4E2ooxqRp8uHOoVRYUMcCjIBwylgeDNd9Grs7nJl3N520lidhz4suEsOR7aDKWxNwcbhWSiBIt4u7TXKfEGuHarp1mIPSn25l3MKUHEW2KwMrYq7xxHTI54Lx0gHKhkDdBIhMDHSPkj7zF9p4a8ddZ8L6TV6PpxTytU5ysHLEY3ON8e9FHCtT2WFElVJNqK9TpfEGv0nT/vdiYHFt1CFmLF9udEQgG+BjCMVFmi7drNwKaYVYmF2B0zyTTiZzCyJFRZCCiZXTETSKiIivlle+R6oiIrnKvTPH582TUZsuoyndkzZHyuxs27sWY82e59STOF/wCZ/PyZxF/JI/6PD/WNzFEm2GGUiWIceKSeeeRkMMMLHSyzSyuRkcUUbEc+SSR7msYxjVc9yo1qKqomQSB3IHu57/Ae8x+r4nsPrmeXfG1/ruukbDbkVA0gVzT0dhr7TXz7DWF3tfdWVc6zDhHkEASQegsWTCEHstBZ2Rxk10SSd9sKbJBFECwCeSLAsjuvJ7Hv3HBg8bD3XIGpvS1JFA8hu3JB47SP8tEuXJ2i6lRdmLsrbrUUYgO07w3nVu2XUKzqVdt13Z466lQtHyvhRK4J7x4PBii+Icvid93xWImouIjES7UtFabCb6PqB2El+DKQschQgbEhgb35XunNnGHb3U95rpUc9yo1iOcqIpSGO0Mt/FgJjy5VxLuYMR/qqWP5hMyTiPkBzSXspIJUEgLKnSC912eRg4MT5y5UiitnyvbAPFKS/wANjlUaKUlqLBFJI3H5gOTy1V2bdsBVSylh3phY4vmVOfCEDs6IpXd7bKpo33BPwIr38TPaTSOS9YfHBf8AG09lW1b5YoxfL6qKS4suMa2ZLLaF1F0RZCtgaiNarZ4I1dIFFPBI2cZ25m0mq1CeScXKB1Vmw7iC1swLEWT7R4JFX+bQTXdNRmyrlRS459tQpqlsLu28lRyOCebsy67kNsTg37LZ6IFpNDbQAxi2BweoWQroDK9ZBB4xaPW6WaGc+PvEQnNiDeyNI1llfL0mltgwZtJoVxumRQ1MuYhgAKJCAHgbrABDcfXIxPo9VrrTPhZlTLeHbjYsQpBLU5JsjglTwTzVzWd73yO7z3ue7o1O89yud0a1GtTqqqvRrURrU69EaiInRERM1iSTZJJPcnkn7Z1QAAAAABwABQA9wA7TjkSYxEYiMRGIjERiIxEYidcvxi/r/wBC4iTP2a/8qbf1PXP9YBiJ6G4iMRGIjERiIxEYiMRGIjERiIxEYiacdpoeOKw1whYjEUl1gsrpTJJBpUhhrI0QEeSaaIFWt+JnWIaFJ5eksjZnJ3sRIgqd3rKJrxqcXeBK6cjzBQMPIUojJ3sfF4XVKvXa4dzlZGkZEk4hEkvcgWBwvhK2RkdyduLIce7gqebvjsWG7jgj1rv6THjw4d/majGmVlrawARlCkkAMASOSTYrk+gkp7BulLuuklVqCzxWBJQxdaFabxsl0tOsLTGlTj0ZOtMr5zpYfVNaNtB/DinVXK1pBSxzjGVN6ZAxxFN2IKWXFiJHK+WBsu7O4UST8bmtkON8uJsJQZNyjK5YZM2fa922U2+3YAu0swAA7dprFkTdjERiIxE3J7K/5X9t/T8b+zYcRNp8RGIjERiJE/ODlbxhsyIxVR7K1rn99rfBb6WBd4qtVrnSp1ajPDiVsnV6SdVZG9rkTTm/TWm6PWrVnWFrbPJE9KSmkulHBl8qqzRAQKLEo7UnR0a98gl00MsciyM6NjSqbdpqyQe54BFC+O3BsH1seg4munmebblRuX6CkEg2eCRV+yAw9kAXXxMW5abE3k7Gu+b9pkPIselb/velR2E2qvsY9N3HY9VZYvGj2Boz7BlDZV7TXitnnaM4pJXDpPOkSsSaRHIm7nu587/9fHOH8L3In3x4iQdy52s+09ppVWPrvNfNJTSay0sjnzcqclEoNBXPHV0z3RbL0hhRsrmvklb4aOcxFc3qi4kFgtX6mh/bKbg7tSdprmC0va637WvIHHDKYEUyEy53Tm7YY7JxJEkDx4YtXtrKcd8CMbI+QpkcT2vRsbnOa5ESZsVVblz9ebbXaHr/AG/942fdraCcqq1HWKzte7LsVoOIPOYXIBTUFfYWJbBQxCiilHgeo4sExMvchjc9Eg36Gvj3kuTce9uJ1c0tvaa7SQapM5j5COJe3VHHKqOaxsAsRdENMRM50jPDYxqK7ukKiuZBMsUE0LPP+P1QL9Tf2f4/x9YkVD7n2hwj7EA3t77ZWX+t2qVd3TXy9qOutKi4Ef8A34BZ6/ZxQHBFAzMWIwC2HY9HNWJYZmucqRyQ3qDdEEduePsIA+v6pJqhVk3yCKA9OCe/2ekiew7YPa41zf4KJe0vuezVsN1Y1o1zVbNyMINYeeSOyNnYFfmCRwzeJ0dBCUPIQEP4kI8UQjYRXSKIB/hKSeG5VjtotXewtAHg8k2ZQhz9E7RY3cbgw9r2R2AvvfPAqu9TM/tQdpGQYoR3PHLPgmV4FZP3d62CObylb3/K+CSw1pIpS99yFWAssNhYJ3UPKJRjEbPqTxyCDwObNn09/wDaZahxwOCDwAO11+a/7PdMI3vtCdoGy1Pe4yuZuV7ht5rOyCWFQdve0n1lrBYV0jSqyamksngyBnMjaLIBCMyF40s4jI2wkzxyQeAK2rXa1Ujn0o95NA2D2PejR/OOf2zRwa/2OxpCCbmkZSQQNieFGDqFNftIiMESF0xUd1ttZOAwSMVVrpIas18vdcIcW5IE72bFqdWTlx2ubzVOPGns4tihbCtQcnEGBKWNq8IooARjOEsy48ZD7XGRt55IslttcnaLYWLILHm5f+H5oiSYSY/OvSSG+ZERMLACLOPCbXxwujDGfPCMb4aNedFGYS1qPHRHu6LJLiu+TQPqB6fmoRY7Xz7psNiIxEYiMRMb3ISc/UNqBGi8ck3W7wQeBFYnjTk1hUMUXWRzY08SR7WdXuaxOvVzkb1VEhmCqWNkAEmhZoe4Dk/VNfNF4jsqgyMPauI6zcSCfR9nEs/IlJrQcetyUO5ybANFOy1hhkuBfQZZQZ6TSMoLrW5ALGttluAApcYVzqFTfSsceMKU9lWysqqzZN1AKTbWopQeeDMGqyDHgfICQcdvaKcpIUMSAgPtdqBB70KJMyf3Ddhj1k3YCOBdbCrqyezCnNs+U66rMMdSx/8AKHg19nuIlhOc2W8riRfR9Mg9uCFUsrIpHRXj9ijzUz4Rp8W5NTuyJk1JQnHVJkX2DSoduLMqsGslxR9mjdFdnRzkLYwGyjGVCb1KlApcGyVbIrEUbocAciMOStRkoK2xQnT+ONXVm0UjHAUWyTXe0VzrTR668jr1HLvrMhaF0JjS7EqQRUD2eQumhLhiDSvg7eTAuHoun3Y9M2b5/lRtQmoQ6l1GmxMEfTBd6YQX3JlOQqz7kC2pJ2rV9NgyqqKXfMCN6nKdjKLdKDIt2EJJDc1QE4cW0DtheLSjSsHIOsEHFiYyBxBhZMwgo4YMM5AQ85pEszWwQyljNlVqtSZHd1F5BIFXwPVvRR7z8PtmEmq4uzX1fGbFcd15NTHsNYYzwygLhws7O9G9GyQxIx3R8T5IntXp1a6OR7HIqK1zkVFyf/PvCncAaqx290kjEmMRGIjERiIxEYiMRGIjERiIxEsG1/lW2X9ILj+zicpk3bH2Vv2Nsvtuo7b+F1JWtw3fRsXXer59R6fEfXLFpOwdijVRhLq41Um5F2YLcdd8oMTc2+0UGtF6TyTSR2h1da25FIBySReWPH8tbe+jPa0DJFZXmu04cwUZA9MQyL5b5aendSAKpSjBnK9yfRAaO5g6sCnOFTkJz4yoB8hzjc8KM3HloDXIJBLNdqooqQ9DAbiPsz0l8Bd+Vo7+kttf10j2mUk/Iaw157rdVty5LuXbltamb0YxYS9etJbQ0t8RPk5tZabVWjbYw5RbO1vJJpq9rIc7i2PGwriCDZR3bi1rtN4w2fawq2GpI3FarCunxEBVqnGTM+S8gIKeUFAbzKTMrvY+xZQS7IbodCddy2NIfr2thbTSbm5lC254i3gS02OxIm3QoS4vIuTLHUwaF49RVDUFEEZbRhH3TQ7cTJttMT76Zcq7kKg7k2sWYjdwFYhAhB3gFrHAmRFyOijKArEvvVHqlDHYBkAUgsm1iQOCWTkrZi2i/ufAN9mvtkpVtOMrKv4/GEpgrm1aVX3c5ejs5VIFqxNnZu41ZWDs5Edoz9iLlQhjdddaPtHy9CMWM5PnWk8xb0u5BqwCFPZA5U7S1XuIIK8dq9MmJbTOmRyH8vM2F9vG/wBo4VI3D/VUk2R9LaeRJ32QHsZadasprcOG8oby9oLesO4+2YjYwxtJ9JbQ3z98+PZrjZq/d26tYhDWGsS2urCQ7KykuD9aUaotddtsuFQSjOxXzFxFgRyAwXeWBIONkBLFCASw2cdxZ9p83YGDKGCnkixlNbb4cMoAv0BJ5qjjWlb52P8AWbeovJ9EeWs2nih7DS2oWz3lcmx2uk6PQ7MJXj2ewExsoHWh3J9oKes67PW3MGqHUFvWhDKNLekIxk2HXT6Jm9o0dScmBdYCBwyHC2pIH0VIX2QaK4NQmQNq8eFxkxtrNWunyVsYaNTmbSuV9r29w04K77Klm3naQ2BcEcmdnvTNVswuVOJoN12iW6sS6y5fJPLEPVyUTYAq4kKR6wywpaJOquhfAQxpDCPFSQViv+j+Deu+Eek9P12PrvRsfUNZkyM+nyuqZKTysijEFfDl8sFyvtAk8g7TsF+u0PUOi4elnBqNAMutbFqVOVirHeyY1xEE4yVti7Cj7BSwSXNasWE45R5xIYjQBCDCZxQWSPlYEPNM+SARksn45K0aJzYWyP8Ai3oxHO9arnz3V5MWXVajLgxeThyZsj4sQNjGjMSqA0thQaHsj6hPL/tP5r4H2Di/XvOoX8kj/o8P9Y3NeJs1o+6H6Jduua8UQt8wJdYTESkkcyBHtbGU+usRXw2FNZpG1Wi21YQOcKrnoyR0Us0MuNkJYOK3KCKYBlIPcbTwD7molTRHIggMpUjuRyLBFfEcke8WL9ZtPxhonHu56tPDHTciHa/t3I6QnOZMIZJrA9Fq5T6yxsLMdayAWcE7bLaH0+XX31bbAgzDO1uturACGNivJmLGxefHgCkXuV9tvu49hGIVj2scsDxKZyy4lUMLxYWdSACN3JK12VyCSAOa5APE0tIY2MieNiPaxk0rGNkVVe1rXua1HqscSq9EREcqxRKq9esbF+JTIe59ZecOR9uuLfs4dmTVTNJv6Sp1JvNjqjcbDwfQe6Ld7HGac2h7ieL11+diV9n43/pL2+H8T1xE1Va1z3NYxquc9yNa1qKrnOcvRrWonrVVVURET1qvqTEgmgSfQX+aZ3Q6Js5hSSy0G1wDjEjDqVXaydaSRWhUcBFWE6H8YYk5yTjvgY+RXvjmieyGVsjEdOXHmVTtxlmJC0dw7i7+ifT049/pMSanTE0+ZUG0tdoTQO31cDluO/ofWZiWzeI3+SWTcfGRhUMQ0+kRQSuJgrR3wDd3osid+OKZs7uivHGHYSrJFle2PRbE+KsmTDsDErZyZBbLVgXQsDkhfepPE2cY02oLJiyHKyqG2hUPB7XTNQJB5Irji/SfON4r4wGNYdOqQ7AJGRt2ncTds1B1yWtYWsgsTK7eqqSR5ldHFVyrr9TKweCaCUlRZio5597SapV/Frj0y7CbyZM9NuJs/SUmzx3a+QBU52v6YqlnZtW5yKPLxYtKWVSAaFjIopTZ+jyKPrM3pg4zlHkcNfGbRHZjtIMg2/Z0BMhLKcJJYUwjrSE9KYEayDmQywbKxwVadETC4knzsOtn6nnOqXT4cz4w2ZAdR7LY13MAchJJBFGuWKj6xOhp+jaPT9NfVavBizEYWdNKxbFnfaLXGoWsgJIH0QSSeLuYj2kBRabTLLW5ozTbWt2agHHsHbRcHij1odWQBGEymKsihFfIoaTsJSDxIY+kcSwwLHE3vvjH3sZ21S6h0zKisGFOu4gEKrbRxR4BFes8rpnDdaxHBom0enyad3OJg7FG8sGjkyL5h9prokX8amhucieojERiIxEYiMRGIjERiIxE65fjF/X/AKFxEmfs1/5U2/qeuf6wDET0NxEYiMRGIjERiIxEYiMRGIjERiIxE0n7SZvj3teH6RcT5F0qej1nBelZ5kGtm6NhHrRTR/Of4dfSFhaLKqd8VQ4eo6okK0No4JqpCZNXLEj5Y+8CKYhfVFe6F0vo2Z7FesbY2rNGTCqO6PayONe9jKhmJGQK4FgcE8X7z2se73+4yCSAobFvUmmcsUABP+qOaB4szYK9vyNm0i4ayy0gCEhBBngPsrEW8iGgkhWaCtryyjJiPPyxBI6GRr2tJFb4I4cUMbMzYcmRlyvkHsZLGOiTsCgKoIoAg13snmybmjl8kZtNiwgq2IjzPZ4c3e4vuJvkLt4A+2an5Wb8YiMRGIm5PZX/ACv7b+n439mw4ibT4iMRGIjESH+drBQuNbuBY3vZaTV9e9zI/EWJrTYbBJF6yRoxqvAbGr1SROsiM8NVej2D2P8At7fbH9nr/wDD1/OJqPYTsm45mmUOaVFuKoSE8wSMWaFzYT5ZmQOHOTzELkhSJ0kwL4nP76Mek0SrFjx+yCOxJNgGx6Gvgb5IA7Ub5E19xOoIFEKt3xfN0OB6drv4D4RPmSbE267LH+D3r9E1v/cvMRNtsRNWO0H4K21Gk88cDPattzmOkjhf4k7RolHgY6WKRY5Jpu41r4nRSdfiWv8AX3VqSNwBIsg0PU9rP2f7ZjyD6PHZrv3cGvt9fsmMdl7/AB7tP6Uhf8Y/LTJJL2uaQPmjUrEmWIeqBqbeSUktxEIg0s9XPA1ZyGjzQxKXK2AUdE6ueR3WTeFGscmZ002Z1DqlqexG6zzXbbVX63X660cuu0+LI+NiwdAATxXIBAFt8R6D1kU0O28nUZ4VVPsa2On1poaS6/QSbUVWHgs2Jm0vhjCOsSKSI6OZYpPMCwiK0oSNHMkWQtz91OmanKn4vTlwWG4p5jlQCbYqEoKBYsnvU0T1bSY8g8zUbWN+y/lqG445OTgcegsgAetzY7jiynuU2a2lhKgiNvp3iQm9GkRCtb+NRPiRzvC7jXIitRzmK7vLG9zVRc5+XTvp22ZFKk2QCCOOwPtAf7Z1cGpxapd+IgqtAkFTz9akg/qmA7DYlz7pXQePCkIG7NGRjZBWFr5qtkd+ORedWxnFSF0kMUzwEr4XuIgFIYTKc0jCilQ5Ju2FcegBPf1PPr273zM4IIavev6g37ePfz7psTlomNbm90en7VIx743x65dvZJG5WyRubWkua9jmqjmvaqI5rkVFRURUVFyrWBYAJHYH/HeJrWSONFQjwB7xBbSRjglLFKXXu8CWyFuFnHkCSOxMNPHmaQPKYPO9YYX1473QKRENFmxY8wz4wc2NW2eyV2EDgk7TtHmAiwdw9m69BMeAqcjMFKreQE+pPlte7vtO61IB9PiZkHBiw98VqNl8dALVXOV7fBWJT4EY1I+73kka9Hqr+/0VrkTu9U65SxtIrmwQb9KNiviaN/CXrm/hX+D3mzORJjERiIxExTfPyj7n+pTYv7IMxE0Y0erfdbTr1THWB3Lz7AYZtVYWMlQHYK9fyJPZwzjSAtm6dxCWzxJE9Wuc9G9cB0xsj5EORRlxBlWwzA5EWtwIIAvlgbUAsORMeXG2XFkx42VHbG4xuyqyo5U7WKsCpo0SCCGqiCJuHN2fNumtbR43A2gQxXktzXVlTDzeCRXUhFLBDZuHo7V28EelLJ0dkHWq6a7vWyTV73EwhDOOMOwZs+DK1aZGwMCQ7KA9sSFBO5uCoZhz3DHj35cCPhbK2es60oVTaBR7TMVKgEg7QpB4', 0, 1, '2021-05-27 08:10:46', NULL);

-- --------------------------------------------------------

--
-- Table structure for table `challenge_status`
--

CREATE TABLE `challenge_status` (
  `id` int(11) NOT NULL,
  `name` text NOT NULL
) ENGINE=MyISAM DEFAULT CHARSET=utf8;

--
-- Dumping data for table `challenge_status`
--

INSERT INTO `challenge_status` (`id`, `name`) VALUES
(1, 'Submitted'),
(2, 'Judged'),
(3, 'Deleted');

-- --------------------------------------------------------

--
-- Table structure for table `challenge_types`
--

CREATE TABLE `challenge_types` (
  `id` int(11) NOT NULL,
  `name` text NOT NULL,
  `is_active` int(1) NOT NULL DEFAULT '1'
) ENGINE=MyISAM DEFAULT CHARSET=utf8;

--
-- Dumping data for table `challenge_types`
--

INSERT INTO `challenge_types` (`id`, `name`, `is_active`) VALUES
(1, 'Photo', 1),
(2, 'Questions', 1),
(3, 'Puzzle', 1),
(4, 'Location based', 1),
(5, 'Video', 0);

-- --------------------------------------------------------

--
-- Table structure for table `chg_databank`
--

CREATE TABLE `chg_databank` (
  `id` int(11) NOT NULL,
  `chg_name` text NOT NULL,
  `description` text NOT NULL,
  `points` int(11) NOT NULL DEFAULT '0',
  `puzzle_page` longtext NOT NULL,
  `puzzle_answer` text NOT NULL,
  `multi_answer` int(1) NOT NULL DEFAULT '1',
  `chg_type_id` int(11) NOT NULL,
  `chg_image` text NOT NULL,
  `chg_image2` text NOT NULL,
  `chg_link` text NOT NULL,
  `status_id` int(11) NOT NULL,
  `created` datetime NOT NULL,
  `deleted` datetime DEFAULT NULL
) ENGINE=MyISAM DEFAULT CHARSET=utf8;

-- --------------------------------------------------------

--
-- Table structure for table `ci_sessions`
--

CREATE TABLE `ci_sessions` (
  `session_id` varchar(40) NOT NULL DEFAULT '0',
  `ip_address` varchar(45) NOT NULL DEFAULT '0',
  `user_agent` varchar(120) NOT NULL,
  `last_activity` int(10) UNSIGNED NOT NULL DEFAULT '0',
  `user_data` text NOT NULL
) ENGINE=InnoDB DEFAULT CHARSET=utf8;

-- --------------------------------------------------------

--
-- Table structure for table `hunt_delivery`
--

CREATE TABLE `hunt_delivery` (
  `id` int(11) NOT NULL,
  `name` varchar(255) NOT NULL
) ENGINE=MyISAM DEFAULT CHARSET=utf8;

--
-- Dumping data for table `hunt_delivery`
--

INSERT INTO `hunt_delivery` (`id`, `name`) VALUES
(1, 'Zoom'),
(2, 'Physical');

-- --------------------------------------------------------

--
-- Table structure for table `hunt_gamecode`
--

CREATE TABLE `hunt_gamecode` (
  `id` int(11) NOT NULL,
  `team_id` int(11) NOT NULL,
  `gamecode` varchar(20) NOT NULL,
  `status_id` int(1) NOT NULL
) ENGINE=MyISAM DEFAULT CHARSET=utf8;

--
-- Dumping data for table `hunt_gamecode`
--

INSERT INTO `hunt_gamecode` (`id`, `team_id`, `gamecode`, `status_id`) VALUES
(5, 5, '70215663', 1),
(6, 7, '44821108', 1);

-- --------------------------------------------------------

--
-- Table structure for table `hunt_infos`
--

CREATE TABLE `hunt_infos` (
  `id` int(11) NOT NULL,
  `hunt_name` text NOT NULL,
  `hunt_logo` text NOT NULL,
  `hunt_logo2` text NOT NULL,
  `zoom_account_id` int(11) NOT NULL,
  `school_id` int(11) NOT NULL,
  `is_active` int(1) NOT NULL DEFAULT '0',
  `type_id` int(11) NOT NULL,
  `delivery_id` int(11) NOT NULL,
  `start_date` date NOT NULL,
  `start_time` time NOT NULL,
  `end_date` date NOT NULL,
  `end_time` time NOT NULL,
  `max_time` int(11) NOT NULL,
  `status_id` int(11) NOT NULL,
  `created` datetime NOT NULL,
  `deleted` datetime DEFAULT NULL
) ENGINE=MyISAM DEFAULT CHARSET=utf8;

--
-- Dumping data for table `hunt_infos`
--

INSERT INTO `hunt_infos` (`id`, `hunt_name`, `hunt_logo`, `hunt_logo2`, `zoom_account_id`, `school_id`, `is_active`, `type_id`, `delivery_id`, `start_date`, `start_time`, `end_date`, `end_time`, `max_time`, `status_id`, `created`, `deleted`) VALUES
(2, 'Hunt Sample', 'clock.jpg', 'Y2xvY2suanBn.jpg', 1, 25, 1, 1, 1, '2021-05-12', '21:00:00', '2021-05-12', '22:00:00', 60, 1, '2021-05-12 04:15:07', NULL),
(3, 'Test Hunt 6-6-21', 'congratulations.jpg', 'Y29uZ3JhdHVsYXRpb25zLmpwZw==.jpg', 3, 11, 1, 1, 1, '2021-06-07', '13:00:00', '2021-06-07', '19:00:00', 60, 1, '2021-06-07 06:30:17', NULL),
(4, 'Test Hunt 6-6-21', '', '60bdf44585dbc', 3, 11, 0, 1, 1, '2021-06-07', '13:00:00', '2021-06-07', '19:00:00', 60, 4, '0000-00-00 00:00:00', '2021-06-07 06:26:34');

-- --------------------------------------------------------

--
-- Table structure for table `hunt_status`
--

CREATE TABLE `hunt_status` (
  `id` int(11) NOT NULL,
  `name` text NOT NULL
) ENGINE=MyISAM DEFAULT CHARSET=utf8;

--
-- Dumping data for table `hunt_status`
--

INSERT INTO `hunt_status` (`id`, `name`) VALUES
(1, 'Ready'),
(2, 'Started'),
(3, 'End'),
(4, 'Deleted');

-- --------------------------------------------------------

--
-- Table structure for table `hunt_types`
--

CREATE TABLE `hunt_types` (
  `id` int(11) NOT NULL,
  `name` varchar(255) NOT NULL
) ENGINE=MyISAM DEFAULT CHARSET=utf8;

--
-- Dumping data for table `hunt_types`
--

INSERT INTO `hunt_types` (`id`, `name`) VALUES
(1, 'Traditional'),
(2, 'Race'),
(3, 'Treasure');

-- --------------------------------------------------------

--
-- Table structure for table `players`
--

CREATE TABLE `players` (
  `id` int(11) NOT NULL,
  `name` text NOT NULL,
  `email` text NOT NULL,
  `std_id_req` text NOT NULL,
  `school_id` int(11) NOT NULL,
  `team_id` int(11) NOT NULL,
  `room_id` int(11) NOT NULL,
  `game_link` text NOT NULL,
  `status_id` int(1) NOT NULL,
  `logged_in` datetime NOT NULL,
  `room_exited` datetime DEFAULT NULL
) ENGINE=MyISAM DEFAULT CHARSET=utf8;

--
-- Dumping data for table `players`
--

INSERT INTO `players` (`id`, `name`, `email`, `std_id_req`, `school_id`, `team_id`, `room_id`, `game_link`, `status_id`, `logged_in`, `room_exited`) VALUES
(1, 'aa', 'aa@aa.com', 'aa', 1, 1, 1, 'https://virtualescaperoom.fun/CSI/', 1, '2021-04-13 16:03:13', NULL),
(2, 'bb', 'bb@bb.com', 'bb', 1, 2, 1, 'https://virtualescaperoom.fun/CSI/', 1, '2021-04-13 16:03:26', NULL),
(3, 'cc', 'cc@cc.com', 'cc', 1, 3, 1, 'https://virtualescaperoom.fun/CSI/', 1, '2021-04-13 16:03:35', NULL),
(4, 'ddd', 'ddd@ddd.com', 'ddd', 1, 4, 2, 'https://virtualescaperoom.fun/CSI/', 1, '2021-04-13 16:03:55', NULL),
(5, 'eee', 'eee@eee.com', 'eee', 1, 4, 2, 'https://virtualescaperoom.fun/CSI/', 1, '2021-04-13 16:04:45', NULL),
(6, 'fff', 'fff@fff.com', 'fff', 1, 4, 2, 'https://virtualescaperoom.fun/CSI/', 1, '2021-04-13 16:05:11', NULL),
(7, 'ddd', 'ddd@ddd.com', 'ddd', 25, 5, 3, 'https://virtualescaperoom.fun/tiger/', 1, '2021-05-27 06:40:23', NULL),
(8, 'Jason E Bock', 'jasonbock801@gmail.com', '111', 25, 6, 4, 'https://mobileescaperoom.fun/scavrhunt/gotoHunt/?hunt=2', 1, '2021-05-27 07:02:02', NULL),
(9, 'Jason Bock', 'jbock@lasertagguy.com', '111', 25, 7, 4, 'https://mobileescaperoom.fun/scavrhunt/gotoHunt/?hunt=2', 1, '2021-05-27 07:16:48', NULL);

-- --------------------------------------------------------

--
-- Table structure for table `room_status`
--

CREATE TABLE `room_status` (
  `id` int(11) NOT NULL,
  `status` text NOT NULL
) ENGINE=MyISAM DEFAULT CHARSET=utf8;

--
-- Dumping data for table `room_status`
--

INSERT INTO `room_status` (`id`, `status`) VALUES
(1, 'Vacant'),
(2, 'Occupied'),
(3, 'Solo Vacant'),
(4, 'Started'),
(5, 'Closed'),
(6, 'Need Help');

-- --------------------------------------------------------

--
-- Table structure for table `schools`
--

CREATE TABLE `schools` (
  `id` int(11) NOT NULL,
  `sch_name` text NOT NULL,
  `sch_logo` text NOT NULL,
  `sch_logo2` text NOT NULL,
  `sch_address` text NOT NULL,
  `zoom_account_id` int(11) NOT NULL,
  `is_active` int(1) NOT NULL DEFAULT '0',
  `std_id_required` int(1) NOT NULL DEFAULT '0',
  `sch_details` text NOT NULL,
  `zoom_link` text NOT NULL,
  `video_id` text NOT NULL,
  `subdomains` text NOT NULL,
  `created` datetime NOT NULL
) ENGINE=MyISAM DEFAULT CHARSET=utf8;

--
-- Dumping data for table `schools`
--

INSERT INTO `schools` (`id`, `sch_name`, `sch_logo`, `sch_logo2`, `sch_address`, `zoom_account_id`, `is_active`, `std_id_required`, `sch_details`, `zoom_link`, `video_id`, `subdomains`, `created`) VALUES
(1, 'SUNY WCC', 'WCCLogo.jpg', 'V0NDTG9nby5qcGc=.jpg', 'Westchester, NY', 1, 1, 1, '.', 'https://virtualescaperoom.fun/CSI/', 'https://virtualescaperoom.fun/CSI/', '7991539575', '2021-03-23 10:54:04'),
(2, 'John Hopkins University', 'university_logo_small_vertical_blue.png', 'dW5pdmVyc2l0eV9sb2dvX3NtYWxsX3ZlcnRpY2FsX2JsdWUucG5n.png', 'Baltimore, MD', 2, 0, 1, '.', 'https://virtualescaperoom.fun/zombie/', 'https://virtualescaperoom.fun/zombie/', '9324921726', '2021-03-23 10:57:26'),
(3, 'North Dakota State University', 'CrimeScene.jpg', 'Q3JpbWVTY2VuZS5qcGc=.jpg', 'ND', 1, 0, 1, '.', 'https://virtualescaperoom.fun/CSI/', 'https://virtualescaperoom.fun/CSI/', '6649644497', '2021-03-24 17:29:59'),
(4, 'Century College', 'CrimeScene.jpg', 'Q3JpbWVTY2VuZS5qcGc=.jpg', 'MN', 3, 0, 1, '.', 'https://virtualescaperoom.fun/CSI/', 'https://virtualescaperoom.fun/CSI/', '6738818428', '2021-03-25 16:53:11'),
(5, 'Lehigh University', 'DesertBackground.jpg', 'RGVzZXJ0QmFja2dyb3VuZC5qcGc=.jpg', 'PA', 2, 1, 1, '.', 'https://virtualescaperoom.fun/zombie/', 'https://virtualescaperoom.fun/zombie/', '6977400058', '2021-03-26 15:08:31'),
(6, 'Sacred Heart University', 'CrimeScene.jpg', 'Q3JpbWVTY2VuZS5qcGc=.jpg', 'CT', 3, 1, 1, '.', 'https://virtualescaperoom.fun/CSI/', 'https://virtualescaperoom.fun/CSI/', '4240029680', '2021-03-27 14:52:05'),
(7, 'CNY Attractions', 'MagGlass.jpg', 'TWFnR2xhc3MuanBn.jpg', 'SC', 3, 1, 1, '+', 'www.cnyattractions.com', 'x', '3478679912', '2021-03-27 20:51:47'),
(12, 'Randolph College', 'tigerlogo.jpg', 'dGlnZXJsb2dvLmpwZw==.jpg', '.', 3, 1, 1, '.', 'https://virtualescaperoom.fun/tiger/', 'https://virtualescaperoom.fun/tiger/', '6150481808', '2021-03-31 17:12:31'),
(13, 'test school', 'tigerlogo.jpg', 'dGlnZXJsb2dvLmpwZw==.jpg', 'test', 4, 1, 0, '.', 'www.test.com', 'x', '4679811441', '2021-03-31 18:09:56'),
(10, 'MarcTest1', 'WheatonHS.png', 'V2hlYXRvbkhTLnBuZw==.png', '555 Anywhere Street  Test, MD 12345', 3, 1, 0, 'pqr', 'www.cnyattractions.com', 'x', '1540011023', '2021-03-30 20:35:09'),
(11, 'Penn State University', 'background.jpg', 'YmFja2dyb3VuZC5qcGc=.jpg', 'PA', 3, 1, 1, '.', 'https://virtualescaperoom.fun/Scavenger/Music-Movies/', 'https://virtualescaperoom.fun/Scavenger/Music-Movies/', '5076360278', '2021-03-31 16:46:05'),
(14, 'test school', 'tigerlogo.jpg', 'dGlnZXJsb2dvLmpwZw==.jpg', 'SC', 4, 1, 0, 'test details', 'test zoom', 'test video', '2808527467', '2021-03-31 18:12:29'),
(15, 'Marc Test 3-31-21', 'graduation-cap.jpg', 'Z3JhZHVhdGlvbi1jYXAuanBn.jpg', '988 Anywhere Street  Test, MD 12345', 4, 1, 1, 'mno', 'https://us02web.zoom.us/j/81970345238', 'https://virtualescaperoom.fun/CSI/', '8716100383', '2021-03-31 21:10:18'),
(16, 'Test School Delete', '2020-10-08_16-39-15.png', 'MjAyMC0xMC0wOF8xNi0zOS0xNS5wbmc=.png', 'Westchester, NY', 1, 1, 0, '.', 'https://virtualescaperoom.fun/CSI/', 'https://virtualescaperoom.fun/CSI/', '3844300836', '2021-03-31 22:21:49'),
(17, 'MST1', 'WheatonHS.png', 'V2hlYXRvbkhTLnBuZw==.png', '555 Anywhere Street  Test, MD 12345', 2, 1, 0, 'ghi', 'https://us02web.zoom.us/j/81970345238', 'https://virtualescaperoom.fun/CSI/', '3569349232', '2021-04-01 00:38:42'),
(18, 'MST2', 'graduation-cap.jpg', 'Z3JhZHVhdGlvbi1jYXAuanBn.jpg', '987 Anywhere Street  Test, MD 12345', 2, 1, 1, 'jkl', 'https://us02web.zoom.us/j/81970345238', 'https://virtualescaperoom.fun/CSI/', '9604452526', '2021-04-01 00:39:46'),
(19, 'George Mason University', 'CrimeScene.jpg', 'Q3JpbWVTY2VuZS5qcGc=.jpg', '.', 1, 1, 1, '.', 'https://virtualescaperoom.fun/CSI/', 'www.virtualescaperoom.fun/CSI', '1333887569', '2021-04-01 12:41:02'),
(20, 'University of Nevada-Reno', 'CrimeScene.jpg', 'Q3JpbWVTY2VuZS5qcGc=.jpg', 'NV', 1, 1, 1, '.', 'https://virtualescaperoom.fun/CSI/', 'www.virtualescaperoom.fun/CSI', '4341913511', '2021-04-01 13:44:30'),
(21, 'University of South Florida - Tampa', 'LIBRARY-CompositeDONOTUSE.jpg', 'TElCUkFSWS1Db21wb3NpdGVET05PVFVTRS5qcGc=.jpg', 'FL', 5, 1, 1, '.', 'https://virtualescaperoom.fun/mascot/USF/start.html', '.', '6041179013', '2021-04-02 21:03:29'),
(22, 'University of South Florida - Tampa', 'ShadowyMan.jpg', 'U2hhZG93eU1hbi5qcGc=.jpg', 'FL', 6, 1, 1, '.', 'https://virtualescaperoom.fun/exitfiles/USF/start.html', '.', '2893040755', '2021-04-02 23:39:45'),
(23, 'University of South Florida - Tampa', 'zombie desert graphic.jpg', 'em9tYmllIGRlc2VydCBncmFwaGljLmpwZw==.jpg', 'FL', 7, 1, 1, '.', 'https://virtualescaperoom.fun/zombie/USF/start.html', '.', '8072017343', '2021-04-03 01:22:33'),
(25, 'North Hennepin Community College', 'tigerlogo.jpg', 'dGlnZXJsb2dvLmpwZw==.jpg', '.', 1, 1, 1, '.', 'https://mobileescaperoom.fun/scavrhunt/gotoHunt/?hunt=2', '.', '5649219078', '2021-04-07 14:21:49');

-- --------------------------------------------------------

--
-- Table structure for table `tbl_last_login`
--

CREATE TABLE `tbl_last_login` (
  `id` bigint(20) NOT NULL,
  `userId` bigint(20) NOT NULL,
  `sessionData` varchar(2048) NOT NULL,
  `machineIp` varchar(1024) NOT NULL,
  `userAgent` varchar(128) NOT NULL,
  `agentString` varchar(1024) NOT NULL,
  `platform` varchar(128) NOT NULL,
  `createdDtm` datetime NOT NULL DEFAULT CURRENT_TIMESTAMP
) ENGINE=InnoDB DEFAULT CHARSET=utf8;

--
-- Dumping data for table `tbl_last_login`
--

INSERT INTO `tbl_last_login` (`id`, `userId`, `sessionData`, `machineIp`, `userAgent`, `agentString`, `platform`, `createdDtm`) VALUES
(1, 1, '{\"role\":\"1\",\"roleText\":\"Administrator\",\"name\":\"Jason Bock\"}', '188.43.235.177', 'Chrome 89.0.4389.90', 'Mozilla/5.0 (Windows NT 10.0; Win64; x64) AppleWebKit/537.36 (KHTML, like Gecko) Chrome/89.0.4389.90 Safari/537.36', 'Windows 10', '2021-03-22 22:30:00'),
(2, 1, '{\"role\":\"1\",\"roleText\":\"Administrator\",\"name\":\"Jason Bock\"}', '188.43.235.177', 'Chrome 89.0.4389.90', 'Mozilla/5.0 (Windows NT 10.0; Win64; x64) AppleWebKit/537.36 (KHTML, like Gecko) Chrome/89.0.4389.90 Safari/537.36', 'Windows 10', '2021-03-22 22:33:02'),
(3, 1, '{\"role\":\"1\",\"roleText\":\"Administrator\",\"name\":\"Jason Bock\"}', '188.43.235.177', 'Chrome 89.0.4389.90', 'Mozilla/5.0 (Windows NT 10.0; Win64; x64) AppleWebKit/537.36 (KHTML, like Gecko) Chrome/89.0.4389.90 Safari/537.36', 'Windows 10', '2021-03-22 22:33:11'),
(4, 1, '{\"role\":\"1\",\"roleText\":\"Administrator\",\"name\":\"Jason Bock\"}', '188.43.235.177', 'Chrome 89.0.4389.90', 'Mozilla/5.0 (Windows NT 10.0; Win64; x64) AppleWebKit/537.36 (KHTML, like Gecko) Chrome/89.0.4389.90 Safari/537.36', 'Windows 10', '2021-03-23 06:43:55'),
(5, 1, '{\"role\":\"1\",\"roleText\":\"Administrator\",\"name\":\"Jason Bock\"}', '98.30.75.81', 'Chrome 89.0.4389.90', 'Mozilla/5.0 (Windows NT 10.0; Win64; x64) AppleWebKit/537.36 (KHTML, like Gecko) Chrome/89.0.4389.90 Safari/537.36', 'Windows 10', '2021-03-23 10:47:57'),
(6, 1, '{\"role\":\"1\",\"roleText\":\"Administrator\",\"name\":\"Jason Bock\"}', '188.43.235.177', 'Chrome 89.0.4389.90', 'Mozilla/5.0 (Windows NT 10.0; Win64; x64) AppleWebKit/537.36 (KHTML, like Gecko) Chrome/89.0.4389.90 Safari/537.36', 'Windows 10', '2021-03-23 20:08:14'),
(7, 1, '{\"role\":\"1\",\"roleText\":\"Administrator\",\"name\":\"Jason Bock\"}', '188.43.235.177', 'Chrome 89.0.4389.90', 'Mozilla/5.0 (Windows NT 10.0; Win64; x64) AppleWebKit/537.36 (KHTML, like Gecko) Chrome/89.0.4389.90 Safari/537.36', 'Windows 10', '2021-03-23 21:11:24'),
(8, 1, '{\"role\":\"1\",\"roleText\":\"Administrator\",\"name\":\"Jason Bock\"}', '172.75.68.144', 'Chrome 89.0.4389.90', 'Mozilla/5.0 (Windows NT 10.0; Win64; x64) AppleWebKit/537.36 (KHTML, like Gecko) Chrome/89.0.4389.90 Safari/537.36', 'Windows 10', '2021-03-24 14:30:23'),
(9, 3, '{\"role\":\"2\",\"roleText\":\"Game Master\",\"name\":\"Mike Cirri\"}', '172.75.68.144', 'Chrome 89.0.4389.90', 'Mozilla/5.0 (Windows NT 10.0; Win64; x64) AppleWebKit/537.36 (KHTML, like Gecko) Chrome/89.0.4389.90 Safari/537.36', 'Windows 10', '2021-03-24 14:35:07'),
(10, 1, '{\"role\":\"1\",\"roleText\":\"Administrator\",\"name\":\"Jason Bock\"}', '172.75.68.144', 'Chrome 89.0.4389.90', 'Mozilla/5.0 (Windows NT 10.0; Win64; x64) AppleWebKit/537.36 (KHTML, like Gecko) Chrome/89.0.4389.90 Safari/537.36', 'Windows 10', '2021-03-24 14:35:37'),
(11, 1, '{\"role\":\"1\",\"roleText\":\"Administrator\",\"name\":\"Jason Bock\"}', '172.75.68.144', 'Chrome 89.0.4389.90', 'Mozilla/5.0 (Windows NT 10.0; Win64; x64) AppleWebKit/537.36 (KHTML, like Gecko) Chrome/89.0.4389.90 Safari/537.36', 'Windows 10', '2021-03-24 17:28:36'),
(12, 1, '{\"role\":\"1\",\"roleText\":\"Administrator\",\"name\":\"Jason Bock\"}', '188.43.235.177', 'Chrome 89.0.4389.90', 'Mozilla/5.0 (Windows NT 10.0; Win64; x64) AppleWebKit/537.36 (KHTML, like Gecko) Chrome/89.0.4389.90 Safari/537.36', 'Windows 10', '2021-03-24 20:21:16'),
(13, 1, '{\"role\":\"1\",\"roleText\":\"Administrator\",\"name\":\"Jason Bock\"}', '73.154.229.188', 'Chrome 86.0.4240.183', 'Mozilla/5.0 (Windows NT 10.0; Win64; x64) AppleWebKit/537.36 (KHTML, like Gecko) Chrome/86.0.4240.183 Safari/537.36', 'Windows 10', '2021-03-25 00:35:48'),
(14, 1, '{\"role\":\"1\",\"roleText\":\"Administrator\",\"name\":\"Jason Bock\"}', '71.185.45.152', 'Chrome 88.0.4324.192', 'Mozilla/5.0 (Macintosh; Intel Mac OS X 10_15_7) AppleWebKit/537.36 (KHTML, like Gecko) Chrome/88.0.4324.192 Safari/537.36', 'Mac OS X', '2021-03-25 00:37:48'),
(15, 1, '{\"role\":\"1\",\"roleText\":\"Administrator\",\"name\":\"Jason Bock\"}', '73.133.241.125', 'Chrome 89.0.4389.90', 'Mozilla/5.0 (Windows NT 10.0; Win64; x64) AppleWebKit/537.36 (KHTML, like Gecko) Chrome/89.0.4389.90 Safari/537.36', 'Windows 10', '2021-03-25 00:39:00'),
(16, 1, '{\"role\":\"1\",\"roleText\":\"Administrator\",\"name\":\"Jason Bock\"}', '188.43.235.177', 'Chrome 89.0.4389.90', 'Mozilla/5.0 (Windows NT 10.0; Win64; x64) AppleWebKit/537.36 (KHTML, like Gecko) Chrome/89.0.4389.90 Safari/537.36', 'Windows 10', '2021-03-25 08:44:13'),
(17, 1, '{\"role\":\"1\",\"roleText\":\"Administrator\",\"name\":\"Jason Bock\"}', '172.75.68.144', 'Chrome 89.0.4389.90', 'Mozilla/5.0 (Windows NT 10.0; Win64; x64) AppleWebKit/537.36 (KHTML, like Gecko) Chrome/89.0.4389.90 Safari/537.36', 'Windows 10', '2021-03-25 16:50:10'),
(18, 1, '{\"role\":\"1\",\"roleText\":\"Administrator\",\"name\":\"Jason Bock\"}', '73.133.241.125', 'Chrome 89.0.4389.90', 'Mozilla/5.0 (Windows NT 10.0; Win64; x64) AppleWebKit/537.36 (KHTML, like Gecko) Chrome/89.0.4389.90 Safari/537.36', 'Windows 10', '2021-03-25 20:13:47'),
(19, 1, '{\"role\":\"1\",\"roleText\":\"Administrator\",\"name\":\"Jason Bock\"}', '188.43.235.177', 'Chrome 89.0.4389.90', 'Mozilla/5.0 (Windows NT 10.0; Win64; x64) AppleWebKit/537.36 (KHTML, like Gecko) Chrome/89.0.4389.90 Safari/537.36', 'Windows 10', '2021-03-25 22:17:05'),
(20, 1, '{\"role\":\"1\",\"roleText\":\"Administrator\",\"name\":\"Jason Bock\"}', '188.43.235.177', 'Chrome 89.0.4389.90', 'Mozilla/5.0 (Windows NT 10.0; Win64; x64) AppleWebKit/537.36 (KHTML, like Gecko) Chrome/89.0.4389.90 Safari/537.36', 'Windows 10', '2021-03-26 07:09:16'),
(21, 1, '{\"role\":\"1\",\"roleText\":\"Administrator\",\"name\":\"Jason Bock\"}', '98.30.75.81', 'Chrome 89.0.4389.90', 'Mozilla/5.0 (Windows NT 10.0; Win64; x64) AppleWebKit/537.36 (KHTML, like Gecko) Chrome/89.0.4389.90 Safari/537.36', 'Windows 10', '2021-03-26 11:02:37'),
(22, 1, '{\"role\":\"1\",\"roleText\":\"Administrator\",\"name\":\"Jason Bock\"}', '172.75.68.144', 'Chrome 89.0.4389.90', 'Mozilla/5.0 (Windows NT 10.0; Win64; x64) AppleWebKit/537.36 (KHTML, like Gecko) Chrome/89.0.4389.90 Safari/537.36', 'Windows 10', '2021-03-26 14:55:58'),
(23, 1, '{\"role\":\"1\",\"roleText\":\"Administrator\",\"name\":\"Jason Bock\"}', '188.43.235.177', 'Chrome 89.0.4389.90', 'Mozilla/5.0 (Windows NT 10.0; Win64; x64) AppleWebKit/537.36 (KHTML, like Gecko) Chrome/89.0.4389.90 Safari/537.36', 'Windows 10', '2021-03-26 15:11:04'),
(24, 1, '{\"role\":\"1\",\"roleText\":\"Administrator\",\"name\":\"Jason Bock\"}', '73.133.241.125', 'Chrome 89.0.4389.90', 'Mozilla/5.0 (Windows NT 10.0; Win64; x64) AppleWebKit/537.36 (KHTML, like Gecko) Chrome/89.0.4389.90 Safari/537.36', 'Windows 10', '2021-03-26 22:29:38'),
(25, 1, '{\"role\":\"1\",\"roleText\":\"Administrator\",\"name\":\"Jason Bock\"}', '68.175.138.126', 'Chrome 88.0.4324.192', 'Mozilla/5.0 (Macintosh; Intel Mac OS X 10_15_7) AppleWebKit/537.36 (KHTML, like Gecko) Chrome/88.0.4324.192 Safari/537.36', 'Mac OS X', '2021-03-26 22:33:04'),
(26, 1, '{\"role\":\"1\",\"roleText\":\"Administrator\",\"name\":\"Jason Bock\"}', '73.133.241.125', 'Chrome 89.0.4389.90', 'Mozilla/5.0 (Windows NT 10.0; Win64; x64) AppleWebKit/537.36 (KHTML, like Gecko) Chrome/89.0.4389.90 Safari/537.36', 'Windows 10', '2021-03-27 20:23:21'),
(27, 1, '{\"role\":\"1\",\"roleText\":\"Administrator\",\"name\":\"Jason Bock\"}', '98.30.75.81', 'Chrome 89.0.4389.90', 'Mozilla/5.0 (Windows NT 10.0; Win64; x64) AppleWebKit/537.36 (KHTML, like Gecko) Chrome/89.0.4389.90 Safari/537.36', 'Windows 10', '2021-03-28 12:20:53'),
(28, 4, '{\"role\":\"2\",\"roleText\":\"Game Master\",\"name\":\"Jason Bock Test Gm\"}', '98.30.75.81', 'Chrome 89.0.4389.90', 'Mozilla/5.0 (Windows NT 10.0; Win64; x64) AppleWebKit/537.36 (KHTML, like Gecko) Chrome/89.0.4389.90 Safari/537.36', 'Windows 10', '2021-03-28 13:10:51'),
(29, 1, '{\"role\":\"1\",\"roleText\":\"Administrator\",\"name\":\"Jason Bock\"}', '188.43.235.177', 'Chrome 89.0.4389.90', 'Mozilla/5.0 (Windows NT 10.0; Win64; x64) AppleWebKit/537.36 (KHTML, like Gecko) Chrome/89.0.4389.90 Safari/537.36', 'Windows 10', '2021-03-28 21:07:18'),
(30, 1, '{\"role\":\"1\",\"roleText\":\"Administrator\",\"name\":\"Jason Bock\"}', '98.30.75.81', 'Chrome 89.0.4389.90', 'Mozilla/5.0 (Windows NT 10.0; Win64; x64) AppleWebKit/537.36 (KHTML, like Gecko) Chrome/89.0.4389.90 Safari/537.36', 'Windows 10', '2021-03-28 21:34:22'),
(31, 1, '{\"role\":\"1\",\"roleText\":\"Administrator\",\"name\":\"Jason Bock\"}', '98.30.75.81', 'Chrome 89.0.4389.90', 'Mozilla/5.0 (Windows NT 10.0; Win64; x64) AppleWebKit/537.36 (KHTML, like Gecko) Chrome/89.0.4389.90 Safari/537.36', 'Windows 10', '2021-03-28 21:50:38'),
(32, 1, '{\"role\":\"1\",\"roleText\":\"Administrator\",\"name\":\"Jason Bock\"}', '172.75.68.144', 'Chrome 89.0.4389.90', 'Mozilla/5.0 (Windows NT 10.0; Win64; x64) AppleWebKit/537.36 (KHTML, like Gecko) Chrome/89.0.4389.90 Safari/537.36', 'Windows 10', '2021-03-28 22:09:28'),
(33, 1, '{\"role\":\"1\",\"roleText\":\"Administrator\",\"name\":\"Jason Bock\"}', '188.43.235.177', 'Chrome 89.0.4389.90', 'Mozilla/5.0 (Windows NT 10.0; Win64; x64) AppleWebKit/537.36 (KHTML, like Gecko) Chrome/89.0.4389.90 Safari/537.36', 'Windows 10', '2021-03-29 06:59:55'),
(34, 4, '{\"role\":\"2\",\"roleText\":\"Game Master\",\"name\":\"Jason Bock Test Gm\"}', '188.43.235.177', 'Chrome 89.0.4389.90', 'Mozilla/5.0 (Windows NT 10.0; Win64; x64) AppleWebKit/537.36 (KHTML, like Gecko) Chrome/89.0.4389.90 Safari/537.36', 'Windows 10', '2021-03-29 07:00:40'),
(35, 4, '{\"role\":\"2\",\"roleText\":\"Game Master\",\"name\":\"Jason Bock Test Gm\"}', '188.43.235.177', 'Chrome 89.0.4389.90', 'Mozilla/5.0 (Windows NT 10.0; Win64; x64) AppleWebKit/537.36 (KHTML, like Gecko) Chrome/89.0.4389.90 Safari/537.36', 'Windows 10', '2021-03-29 07:01:02'),
(36, 1, '{\"role\":\"1\",\"roleText\":\"Administrator\",\"name\":\"Jason Bock\"}', '188.43.235.177', 'Chrome 89.0.4389.90', 'Mozilla/5.0 (Windows NT 10.0; Win64; x64) AppleWebKit/537.36 (KHTML, like Gecko) Chrome/89.0.4389.90 Safari/537.36', 'Windows 10', '2021-03-29 07:23:23'),
(37, 4, '{\"role\":\"2\",\"roleText\":\"Game Master\",\"name\":\"Jason Bock Test Gm\"}', '188.43.235.177', 'Chrome 89.0.4389.90', 'Mozilla/5.0 (Windows NT 10.0; Win64; x64) AppleWebKit/537.36 (KHTML, like Gecko) Chrome/89.0.4389.90 Safari/537.36', 'Windows 10', '2021-03-29 07:24:25'),
(38, 4, '{\"role\":\"2\",\"roleText\":\"Game Master\",\"name\":\"Jason Bock Test Gm\"}', '188.43.235.177', 'Chrome 89.0.4389.90', 'Mozilla/5.0 (Windows NT 10.0; Win64; x64) AppleWebKit/537.36 (KHTML, like Gecko) Chrome/89.0.4389.90 Safari/537.36', 'Windows 10', '2021-03-29 19:26:42'),
(39, 1, '{\"role\":\"1\",\"roleText\":\"Administrator\",\"name\":\"Jason Bock\"}', '188.43.235.177', 'Chrome 89.0.4389.90', 'Mozilla/5.0 (Windows NT 10.0; Win64; x64) AppleWebKit/537.36 (KHTML, like Gecko) Chrome/89.0.4389.90 Safari/537.36', 'Windows 10', '2021-03-30 07:31:17'),
(40, 1, '{\"role\":\"1\",\"roleText\":\"Administrator\",\"name\":\"Jason Bock\"}', '188.43.235.177', 'Chrome 89.0.4389.90', 'Mozilla/5.0 (Windows NT 10.0; Win64; x64) AppleWebKit/537.36 (KHTML, like Gecko) Chrome/89.0.4389.90 Safari/537.36', 'Windows 10', '2021-03-30 09:59:49'),
(41, 1, '{\"role\":\"1\",\"roleText\":\"Administrator\",\"name\":\"Jason Bock\"}', '172.75.68.144', 'Chrome 89.0.4389.90', 'Mozilla/5.0 (Windows NT 10.0; Win64; x64) AppleWebKit/537.36 (KHTML, like Gecko) Chrome/89.0.4389.90 Safari/537.36', 'Windows 10', '2021-03-30 14:37:54'),
(42, 1, '{\"role\":\"1\",\"roleText\":\"Administrator\",\"name\":\"Jason Bock\"}', '209.119.211.66', 'Chrome 89.0.4389.90', 'Mozilla/5.0 (Windows NT 10.0; Win64; x64) AppleWebKit/537.36 (KHTML, like Gecko) Chrome/89.0.4389.90 Safari/537.36', 'Windows 10', '2021-03-30 15:11:12'),
(43, 1, '{\"role\":\"1\",\"roleText\":\"Administrator\",\"name\":\"Jason Bock\"}', '73.133.241.125', 'Chrome 89.0.4389.90', 'Mozilla/5.0 (Windows NT 10.0; Win64; x64) AppleWebKit/537.36 (KHTML, like Gecko) Chrome/89.0.4389.90 Safari/537.36', 'Windows 10', '2021-03-30 19:54:59'),
(44, 1, '{\"role\":\"1\",\"roleText\":\"Administrator\",\"name\":\"Jason Bock\"}', '188.43.235.177', 'Chrome 89.0.4389.90', 'Mozilla/5.0 (Windows NT 10.0; Win64; x64) AppleWebKit/537.36 (KHTML, like Gecko) Chrome/89.0.4389.90 Safari/537.36', 'Windows 10', '2021-03-30 22:38:28'),
(45, 1, '{\"role\":\"1\",\"roleText\":\"Administrator\",\"name\":\"Jason Bock\"}', '98.30.75.81', 'Chrome 89.0.4389.90', 'Mozilla/5.0 (Windows NT 10.0; Win64; x64) AppleWebKit/537.36 (KHTML, like Gecko) Chrome/89.0.4389.90 Safari/537.36', 'Windows 10', '2021-03-31 01:47:55'),
(46, 1, '{\"role\":\"1\",\"roleText\":\"Administrator\",\"name\":\"Jason Bock\"}', '188.43.235.177', 'Chrome 89.0.4389.90', 'Mozilla/5.0 (Windows NT 10.0; Win64; x64) AppleWebKit/537.36 (KHTML, like Gecko) Chrome/89.0.4389.90 Safari/537.36', 'Windows 10', '2021-03-31 13:37:32'),
(47, 1, '{\"role\":\"1\",\"roleText\":\"Administrator\",\"name\":\"Jason Bock\"}', '172.75.68.144', 'Chrome 89.0.4389.90', 'Mozilla/5.0 (Windows NT 10.0; Win64; x64) AppleWebKit/537.36 (KHTML, like Gecko) Chrome/89.0.4389.90 Safari/537.36', 'Windows 10', '2021-03-31 16:44:30'),
(48, 1, '{\"role\":\"1\",\"roleText\":\"Administrator\",\"name\":\"Jason Bock\"}', '172.75.68.144', 'Chrome 89.0.4389.90', 'Mozilla/5.0 (Windows NT 10.0; Win64; x64) AppleWebKit/537.36 (KHTML, like Gecko) Chrome/89.0.4389.90 Safari/537.36', 'Windows 10', '2021-03-31 18:07:48'),
(49, 1, '{\"role\":\"1\",\"roleText\":\"Administrator\",\"name\":\"Jason Bock\"}', '188.43.235.177', 'Chrome 89.0.4389.90', 'Mozilla/5.0 (Windows NT 10.0; Win64; x64) AppleWebKit/537.36 (KHTML, like Gecko) Chrome/89.0.4389.90 Safari/537.36', 'Windows 10', '2021-03-31 19:51:22'),
(50, 1, '{\"role\":\"1\",\"roleText\":\"Administrator\",\"name\":\"Jason Bock\"}', '73.133.241.125', 'Chrome 89.0.4389.90', 'Mozilla/5.0 (Windows NT 10.0; Win64; x64) AppleWebKit/537.36 (KHTML, like Gecko) Chrome/89.0.4389.90 Safari/537.36', 'Windows 10', '2021-03-31 21:06:11'),
(51, 1, '{\"role\":\"1\",\"roleText\":\"Administrator\",\"name\":\"Jason Bock\"}', '172.75.68.144', 'Chrome 89.0.4389.90', 'Mozilla/5.0 (Windows NT 10.0; Win64; x64) AppleWebKit/537.36 (KHTML, like Gecko) Chrome/89.0.4389.90 Safari/537.36', 'Windows 10', '2021-03-31 21:14:09'),
(52, 1, '{\"role\":\"1\",\"roleText\":\"Administrator\",\"name\":\"Jason Bock\"}', '98.30.75.81', 'Chrome 89.0.4389.90', 'Mozilla/5.0 (Windows NT 10.0; Win64; x64) AppleWebKit/537.36 (KHTML, like Gecko) Chrome/89.0.4389.90 Safari/537.36', 'Windows 10', '2021-03-31 21:32:01'),
(53, 3, '{\"role\":\"2\",\"roleText\":\"Game Master\",\"name\":\"Mike Cirri\"}', '172.75.68.144', 'Chrome 89.0.4389.90', 'Mozilla/5.0 (Windows NT 10.0; Win64; x64) AppleWebKit/537.36 (KHTML, like Gecko) Chrome/89.0.4389.90 Safari/537.36', 'Windows 10', '2021-04-01 12:36:54'),
(54, 1, '{\"role\":\"1\",\"roleText\":\"Administrator\",\"name\":\"Jason Bock\"}', '172.75.68.144', 'Chrome 89.0.4389.90', 'Mozilla/5.0 (Windows NT 10.0; Win64; x64) AppleWebKit/537.36 (KHTML, like Gecko) Chrome/89.0.4389.90 Safari/537.36', 'Windows 10', '2021-04-01 12:40:04'),
(55, 1, '{\"role\":\"1\",\"roleText\":\"Administrator\",\"name\":\"Jason Bock\"}', '188.43.235.177', 'Chrome 89.0.4389.114', 'Mozilla/5.0 (Windows NT 10.0; Win64; x64) AppleWebKit/537.36 (KHTML, like Gecko) Chrome/89.0.4389.114 Safari/537.36', 'Windows 10', '2021-04-01 18:46:49'),
(56, 1, '{\"role\":\"1\",\"roleText\":\"Administrator\",\"name\":\"Jason Bock\"}', '73.154.229.188', 'Chrome 89.0.4389.90', 'Mozilla/5.0 (Windows NT 10.0; Win64; x64) AppleWebKit/537.36 (KHTML, like Gecko) Chrome/89.0.4389.90 Safari/537.36', 'Windows 10', '2021-04-01 20:12:12'),
(57, 1, '{\"role\":\"1\",\"roleText\":\"Administrator\",\"name\":\"Jason Bock\"}', '73.133.241.125', 'Chrome 89.0.4389.90', 'Mozilla/5.0 (Windows NT 10.0; Win64; x64) AppleWebKit/537.36 (KHTML, like Gecko) Chrome/89.0.4389.90 Safari/537.36', 'Windows 10', '2021-04-01 22:45:17'),
(58, 1, '{\"role\":\"1\",\"roleText\":\"Administrator\",\"name\":\"Jason Bock\"}', '68.175.138.126', 'Chrome 88.0.4324.192', 'Mozilla/5.0 (Macintosh; Intel Mac OS X 10_15_7) AppleWebKit/537.36 (KHTML, like Gecko) Chrome/88.0.4324.192 Safari/537.36', 'Mac OS X', '2021-04-01 22:46:28'),
(59, 1, '{\"role\":\"1\",\"roleText\":\"Administrator\",\"name\":\"Jason Bock\"}', '172.75.68.144', 'Chrome 89.0.4389.90', 'Mozilla/5.0 (Windows NT 10.0; Win64; x64) AppleWebKit/537.36 (KHTML, like Gecko) Chrome/89.0.4389.90 Safari/537.36', 'Windows 10', '2021-04-02 18:22:36'),
(60, 1, '{\"role\":\"1\",\"roleText\":\"Administrator\",\"name\":\"Jason Bock\"}', '172.75.68.144', 'Chrome 89.0.4389.90', 'Mozilla/5.0 (Windows NT 10.0; Win64; x64) AppleWebKit/537.36 (KHTML, like Gecko) Chrome/89.0.4389.90 Safari/537.36', 'Windows 10', '2021-04-02 21:02:35'),
(61, 1, '{\"role\":\"1\",\"roleText\":\"Administrator\",\"name\":\"Jason Bock\"}', '172.75.68.144', 'Chrome 89.0.4389.90', 'Mozilla/5.0 (Windows NT 10.0; Win64; x64) AppleWebKit/537.36 (KHTML, like Gecko) Chrome/89.0.4389.90 Safari/537.36', 'Windows 10', '2021-04-02 23:36:16'),
(62, 1, '{\"role\":\"1\",\"roleText\":\"Administrator\",\"name\":\"Jason Bock\"}', '188.43.235.177', 'Chrome 89.0.4389.114', 'Mozilla/5.0 (Windows NT 10.0; Win64; x64) AppleWebKit/537.36 (KHTML, like Gecko) Chrome/89.0.4389.114 Safari/537.36', 'Windows 10', '2021-04-03 12:35:44'),
(63, 1, '{\"role\":\"1\",\"roleText\":\"Administrator\",\"name\":\"Jason Bock\"}', '172.75.68.144', 'Chrome 89.0.4389.90', 'Mozilla/5.0 (Windows NT 10.0; Win64; x64) AppleWebKit/537.36 (KHTML, like Gecko) Chrome/89.0.4389.90 Safari/537.36', 'Windows 10', '2021-04-05 16:09:14'),
(64, 1, '{\"role\":\"1\",\"roleText\":\"Administrator\",\"name\":\"Jason Bock\"}', '188.43.235.177', 'Chrome 89.0.4389.114', 'Mozilla/5.0 (Windows NT 10.0; Win64; x64) AppleWebKit/537.36 (KHTML, like Gecko) Chrome/89.0.4389.114 Safari/537.36', 'Windows 10', '2021-04-06 10:25:03'),
(65, 1, '{\"role\":\"1\",\"roleText\":\"Administrator\",\"name\":\"Jason Bock\"}', '172.75.68.144', 'Chrome 89.0.4389.90', 'Mozilla/5.0 (Windows NT 10.0; Win64; x64) AppleWebKit/537.36 (KHTML, like Gecko) Chrome/89.0.4389.90 Safari/537.36', 'Windows 10', '2021-04-06 21:37:48'),
(66, 1, '{\"role\":\"1\",\"roleText\":\"Administrator\",\"name\":\"Jason Bock\"}', '173.49.152.131', 'Chrome 89.0.4389.90', 'Mozilla/5.0 (Windows NT 10.0; Win64; x64) AppleWebKit/537.36 (KHTML, like Gecko) Chrome/89.0.4389.90 Safari/537.36', 'Windows 10', '2021-04-07 15:26:50'),
(67, 1, '{\"role\":\"1\",\"roleText\":\"Administrator\",\"name\":\"Jason Bock\"}', '172.75.68.144', 'Chrome 89.0.4389.114', 'Mozilla/5.0 (Windows NT 10.0; Win64; x64) AppleWebKit/537.36 (KHTML, like Gecko) Chrome/89.0.4389.114 Safari/537.36', 'Windows 10', '2021-04-07 17:10:25'),
(68, 1, '{\"role\":\"1\",\"roleText\":\"Administrator\",\"name\":\"Jason Bock\"}', '173.49.152.131', 'Chrome 89.0.4389.114', 'Mozilla/5.0 (Windows NT 10.0; Win64; x64) AppleWebKit/537.36 (KHTML, like Gecko) Chrome/89.0.4389.114 Safari/537.36', 'Windows 10', '2021-04-07 20:34:32'),
(69, 1, '{\"role\":\"1\",\"roleText\":\"Administrator\",\"name\":\"Jason Bock\"}', '188.43.235.177', 'Chrome 89.0.4389.114', 'Mozilla/5.0 (Windows NT 10.0; Win64; x64) AppleWebKit/537.36 (KHTML, like Gecko) Chrome/89.0.4389.114 Safari/537.36', 'Windows 10', '2021-04-07 22:22:03'),
(70, 1, '{\"role\":\"1\",\"roleText\":\"Administrator\",\"name\":\"Jason Bock\"}', '68.84.79.162', 'Chrome 89.0.4389.114', 'Mozilla/5.0 (Windows NT 10.0; Win64; x64) AppleWebKit/537.36 (KHTML, like Gecko) Chrome/89.0.4389.114 Safari/537.36', 'Windows 10', '2021-04-08 01:45:31'),
(71, 1, '{\"role\":\"1\",\"roleText\":\"Administrator\",\"name\":\"Jason Bock\"}', '188.43.235.177', 'Chrome 89.0.4389.114', 'Mozilla/5.0 (Windows NT 10.0; Win64; x64) AppleWebKit/537.36 (KHTML, like Gecko) Chrome/89.0.4389.114 Safari/537.36', 'Windows 10', '2021-04-08 07:16:47'),
(72, 1, '{\"role\":\"1\",\"roleText\":\"Administrator\",\"name\":\"Jason Bock\"}', '172.75.68.144', 'Chrome 89.0.4389.114', 'Mozilla/5.0 (Windows NT 10.0; Win64; x64) AppleWebKit/537.36 (KHTML, like Gecko) Chrome/89.0.4389.114 Safari/537.36', 'Windows 10', '2021-04-08 11:18:22'),
(73, 1, '{\"role\":\"1\",\"roleText\":\"Administrator\",\"name\":\"Jason Bock\"}', '107.126.32.30', 'Safari 604.1', 'Mozilla/5.0 (iPhone; CPU iPhone OS 14_4 like Mac OS X) AppleWebKit/605.1.15 (KHTML, like Gecko) CriOS/87.0.4280.77 Mobile/15E148 Safari/604.1', 'iOS', '2021-04-08 13:40:17'),
(74, 1, '{\"role\":\"1\",\"roleText\":\"Administrator\",\"name\":\"Jason Bock\"}', '188.43.235.177', 'Chrome 89.0.4389.114', 'Mozilla/5.0 (Windows NT 10.0; Win64; x64) AppleWebKit/537.36 (KHTML, like Gecko) Chrome/89.0.4389.114 Safari/537.36', 'Windows 10', '2021-04-08 13:44:22'),
(75, 1, '{\"role\":\"1\",\"roleText\":\"Administrator\",\"name\":\"Jason Bock\"}', '107.126.32.71', 'Chrome 89.0.4389.114', 'Mozilla/5.0 (Windows NT 10.0; Win64; x64) AppleWebKit/537.36 (KHTML, like Gecko) Chrome/89.0.4389.114 Safari/537.36', 'Windows 10', '2021-04-08 13:49:06'),
(76, 1, '{\"role\":\"1\",\"roleText\":\"Administrator\",\"name\":\"Jason Bock\"}', '188.43.235.177', 'Chrome 89.0.4389.114', 'Mozilla/5.0 (Windows NT 10.0; Win64; x64) AppleWebKit/537.36 (KHTML, like Gecko) Chrome/89.0.4389.114 Safari/537.36', 'Windows 10', '2021-04-08 18:07:05'),
(77, 1, '{\"role\":\"1\",\"roleText\":\"Administrator\",\"name\":\"Jason Bock\"}', '::1', 'Chrome 89.0.4389.114', 'Mozilla/5.0 (Windows NT 10.0; Win64; x64) AppleWebKit/537.36 (KHTML, like Gecko) Chrome/89.0.4389.114 Safari/537.36', 'Windows 10', '2021-04-10 07:19:39'),
(78, 1, '{\"role\":\"1\",\"roleText\":\"Administrator\",\"name\":\"Jason Bock\"}', '::1', 'Chrome 89.0.4389.114', 'Mozilla/5.0 (Windows NT 10.0; Win64; x64) AppleWebKit/537.36 (KHTML, like Gecko) Chrome/89.0.4389.114 Safari/537.36', 'Windows 10', '2021-04-13 09:02:18'),
(79, 1, '{\"role\":\"1\",\"roleText\":\"Administrator\",\"name\":\"Jason Bock\"}', '::1', 'Chrome 89.0.4389.114', 'Mozilla/5.0 (Windows NT 10.0; Win64; x64) AppleWebKit/537.36 (KHTML, like Gecko) Chrome/89.0.4389.114 Safari/537.36', 'Windows 10', '2021-04-13 22:34:23'),
(80, 1, '{\"role\":\"1\",\"roleText\":\"Administrator\",\"name\":\"Jason Bock\"}', '188.43.235.177', 'Chrome 90.0.4430.85', 'Mozilla/5.0 (Windows NT 10.0; Win64; x64) AppleWebKit/537.36 (KHTML, like Gecko) Chrome/90.0.4430.85 Safari/537.36', 'Windows 10', '2021-04-28 10:40:50'),
(81, 1, '{\"role\":\"1\",\"roleText\":\"Administrator\",\"name\":\"Jason Bock\"}', '188.43.235.177', 'Chrome 90.0.4430.85', 'Mozilla/5.0 (Windows NT 10.0; Win64; x64) AppleWebKit/537.36 (KHTML, like Gecko) Chrome/90.0.4430.85 Safari/537.36', 'Windows 10', '2021-04-28 10:49:38'),
(82, 1, '{\"role\":\"1\",\"roleText\":\"Administrator\",\"name\":\"Jason Bock\"}', '188.43.235.177', 'Chrome 90.0.4430.93', 'Mozilla/5.0 (Windows NT 10.0; Win64; x64) AppleWebKit/537.36 (KHTML, like Gecko) Chrome/90.0.4430.93 Safari/537.36', 'Windows 10', '2021-05-05 21:24:23'),
(83, 1, '{\"role\":\"1\",\"roleText\":\"Administrator\",\"name\":\"Jason Bock\"}', '188.43.235.177', 'Chrome 90.0.4430.93', 'Mozilla/5.0 (Windows NT 10.0; Win64; x64) AppleWebKit/537.36 (KHTML, like Gecko) Chrome/90.0.4430.93 Safari/537.36', 'Windows 10', '2021-05-05 21:39:01'),
(84, 1, '{\"role\":\"1\",\"roleText\":\"Administrator\",\"name\":\"Jason Bock\"}', '188.43.235.177', 'Chrome 90.0.4430.93', 'Mozilla/5.0 (Windows NT 10.0; Win64; x64) AppleWebKit/537.36 (KHTML, like Gecko) Chrome/90.0.4430.93 Safari/537.36', 'Windows 10', '2021-05-06 09:54:08'),
(85, 1, '{\"role\":\"1\",\"roleText\":\"Administrator\",\"name\":\"Jason Bock\"}', '188.43.235.177', 'Chrome 90.0.4430.93', 'Mozilla/5.0 (Windows NT 10.0; Win64; x64) AppleWebKit/537.36 (KHTML, like Gecko) Chrome/90.0.4430.93 Safari/537.36', 'Windows 10', '2021-05-06 09:54:09'),
(86, 1, '{\"role\":\"1\",\"roleText\":\"Administrator\",\"name\":\"Jason Bock\"}', '188.43.235.177', 'Chrome 90.0.4430.93', 'Mozilla/5.0 (Windows NT 10.0; Win64; x64) AppleWebKit/537.36 (KHTML, like Gecko) Chrome/90.0.4430.93 Safari/537.36', 'Windows 10', '2021-05-06 20:15:29'),
(87, 1, '{\"role\":\"1\",\"roleText\":\"Administrator\",\"name\":\"Jason Bock\"}', '188.43.235.177', 'Chrome 90.0.4430.93', 'Mozilla/5.0 (Windows NT 10.0; Win64; x64) AppleWebKit/537.36 (KHTML, like Gecko) Chrome/90.0.4430.93 Safari/537.36', 'Windows 10', '2021-05-06 23:43:56'),
(88, 1, '{\"role\":\"1\",\"roleText\":\"Administrator\",\"name\":\"Jason Bock\"}', '98.30.75.81', 'Chrome 90.0.4430.93', 'Mozilla/5.0 (Windows NT 10.0; Win64; x64) AppleWebKit/537.36 (KHTML, like Gecko) Chrome/90.0.4430.93 Safari/537.36', 'Windows 10', '2021-05-07 10:45:11'),
(89, 1, '{\"role\":\"1\",\"roleText\":\"Administrator\",\"name\":\"Jason Bock\"}', '188.43.235.177', 'Chrome 90.0.4430.93', 'Mozilla/5.0 (Windows NT 10.0; Win64; x64) AppleWebKit/537.36 (KHTML, like Gecko) Chrome/90.0.4430.93 Safari/537.36', 'Windows 10', '2021-05-12 08:12:23'),
(90, 1, '{\"role\":\"1\",\"roleText\":\"Administrator\",\"name\":\"Jason Bock\"}', '188.43.235.177', 'Chrome 90.0.4430.212', 'Mozilla/5.0 (Windows NT 10.0; Win64; x64) AppleWebKit/537.36 (KHTML, like Gecko) Chrome/90.0.4430.212 Safari/537.36', 'Windows 10', '2021-05-17 06:35:30'),
(91, 1, '{\"role\":\"1\",\"roleText\":\"Administrator\",\"name\":\"Jason Bock\"}', '188.43.235.177', 'Chrome 90.0.4430.212', 'Mozilla/5.0 (Windows NT 10.0; Win64; x64) AppleWebKit/537.36 (KHTML, like Gecko) Chrome/90.0.4430.212 Safari/537.36', 'Windows 10', '2021-05-21 19:51:48'),
(92, 1, '{\"role\":\"1\",\"roleText\":\"Administrator\",\"name\":\"Jason Bock\"}', '188.43.235.177', 'Chrome 90.0.4430.212', 'Mozilla/5.0 (Windows NT 10.0; Win64; x64) AppleWebKit/537.36 (KHTML, like Gecko) Chrome/90.0.4430.212 Safari/537.36', 'Windows 10', '2021-05-24 00:25:36'),
(93, 1, '{\"role\":\"1\",\"roleText\":\"Administrator\",\"name\":\"Jason Bock\"}', '188.43.235.177', 'Chrome 90.0.4430.212', 'Mozilla/5.0 (Windows NT 10.0; Win64; x64) AppleWebKit/537.36 (KHTML, like Gecko) Chrome/90.0.4430.212 Safari/537.36', 'Windows 10', '2021-05-25 11:07:54'),
(94, 1, '{\"role\":\"1\",\"roleText\":\"Administrator\",\"name\":\"Jason Bock\"}', '188.43.235.177', 'Chrome 90.0.4430.212', 'Mozilla/5.0 (Windows NT 10.0; Win64; x64) AppleWebKit/537.36 (KHTML, like Gecko) Chrome/90.0.4430.212 Safari/537.36', 'Windows 10', '2021-05-25 20:52:38'),
(95, 1, '{\"role\":\"1\",\"roleText\":\"Administrator\",\"name\":\"Jason Bock\"}', '188.43.235.177', 'Chrome 90.0.4430.212', 'Mozilla/5.0 (Windows NT 10.0; Win64; x64) AppleWebKit/537.36 (KHTML, like Gecko) Chrome/90.0.4430.212 Safari/537.36', 'Windows 10', '2021-05-26 09:05:37'),
(96, 1, '{\"role\":\"1\",\"roleText\":\"Administrator\",\"name\":\"Jason Bock\"}', '188.43.235.177', 'Chrome 90.0.4430.212', 'Mozilla/5.0 (Windows NT 10.0; Win64; x64) AppleWebKit/537.36 (KHTML, like Gecko) Chrome/90.0.4430.212 Safari/537.36', 'Windows 10', '2021-05-27 10:39:37'),
(97, 1, '{\"role\":\"1\",\"roleText\":\"Administrator\",\"name\":\"Jason Bock\"}', '188.43.235.177', 'Chrome 90.0.4430.212', 'Mozilla/5.0 (Windows NT 10.0; Win64; x64) AppleWebKit/537.36 (KHTML, like Gecko) Chrome/90.0.4430.212 Safari/537.36', 'Windows 10', '2021-05-27 11:09:38'),
(98, 1, '{\"role\":\"1\",\"roleText\":\"Administrator\",\"name\":\"Jason Bock\"}', '188.43.235.177', 'Chrome 90.0.4430.212', 'Mozilla/5.0 (Windows NT 10.0; Win64; x64) AppleWebKit/537.36 (KHTML, like Gecko) Chrome/90.0.4430.212 Safari/537.36', 'Windows 10', '2021-05-28 02:06:46'),
(99, 1, '{\"role\":\"1\",\"roleText\":\"Administrator\",\"name\":\"Jason Bock\"}', '188.43.235.177', 'Chrome 90.0.4430.212', 'Mozilla/5.0 (Windows NT 10.0; Win64; x64) AppleWebKit/537.36 (KHTML, like Gecko) Chrome/90.0.4430.212 Safari/537.36', 'Windows 10', '2021-05-29 12:29:43'),
(100, 1, '{\"role\":\"1\",\"roleText\":\"Administrator\",\"name\":\"Jason Bock\"}', '98.30.75.81', 'Chrome 90.0.4430.212', 'Mozilla/5.0 (Windows NT 10.0; Win64; x64) AppleWebKit/537.36 (KHTML, like Gecko) Chrome/90.0.4430.212 Safari/537.36', 'Windows 10', '2021-05-29 12:32:50'),
(101, 1, '{\"role\":\"1\",\"roleText\":\"Administrator\",\"name\":\"Jason Bock\"}', '188.43.235.177', 'Chrome 90.0.4430.212', 'Mozilla/5.0 (Windows NT 10.0; Win64; x64) AppleWebKit/537.36 (KHTML, like Gecko) Chrome/90.0.4430.212 Safari/537.36', 'Windows 10', '2021-06-01 08:31:51'),
(102, 1, '{\"role\":\"1\",\"roleText\":\"Administrator\",\"name\":\"Jason Bock\"}', '188.43.235.177', 'Chrome 90.0.4430.212', 'Mozilla/5.0 (Windows NT 10.0; Win64; x64) AppleWebKit/537.36 (KHTML, like Gecko) Chrome/90.0.4430.212 Safari/537.36', 'Windows 10', '2021-06-01 10:32:22'),
(103, 1, '{\"role\":\"1\",\"roleText\":\"Administrator\",\"name\":\"Jason Bock\"}', '188.43.235.177', 'Chrome 90.0.4430.212', 'Mozilla/5.0 (Windows NT 10.0; Win64; x64) AppleWebKit/537.36 (KHTML, like Gecko) Chrome/90.0.4430.212 Safari/537.36', 'Windows 10', '2021-06-01 10:50:22'),
(104, 1, '{\"role\":\"1\",\"roleText\":\"Administrator\",\"name\":\"Jason Bock\"}', '188.43.235.177', 'Chrome 90.0.4430.212', 'Mozilla/5.0 (Windows NT 10.0; Win64; x64) AppleWebKit/537.36 (KHTML, like Gecko) Chrome/90.0.4430.212 Safari/537.36', 'Windows 10', '2021-06-02 09:53:54'),
(105, 1, '{\"role\":\"1\",\"roleText\":\"Administrator\",\"name\":\"Jason Bock\"}', '188.43.235.177', 'Chrome 91.0.4472.77', 'Mozilla/5.0 (Windows NT 10.0; Win64; x64) AppleWebKit/537.36 (KHTML, like Gecko) Chrome/91.0.4472.77 Safari/537.36', 'Windows 10', '2021-06-04 10:58:12'),
(106, 1, '{\"role\":\"1\",\"roleText\":\"Administrator\",\"name\":\"Jason Bock\"}', '98.30.75.81', 'Chrome 90.0.4430.212', 'Mozilla/5.0 (Windows NT 10.0; Win64; x64) AppleWebKit/537.36 (KHTML, like Gecko) Chrome/90.0.4430.212 Safari/537.36', 'Windows 10', '2021-06-07 01:54:36'),
(107, 1, '{\"role\":\"1\",\"roleText\":\"Administrator\",\"name\":\"Jason Bock\"}', '188.43.235.177', 'Chrome 91.0.4472.77', 'Mozilla/5.0 (Windows NT 10.0; Win64; x64) AppleWebKit/537.36 (KHTML, like Gecko) Chrome/91.0.4472.77 Safari/537.36', 'Windows 10', '2021-06-07 15:09:32'),
(108, 1, '{\"role\":\"1\",\"roleText\":\"Administrator\",\"name\":\"Jason Bock\"}', '98.30.75.81', 'Chrome 90.0.4430.212', 'Mozilla/5.0 (Windows NT 10.0; Win64; x64) AppleWebKit/537.36 (KHTML, like Gecko) Chrome/90.0.4430.212 Safari/537.36', 'Windows 10', '2021-06-09 11:01:32');

-- --------------------------------------------------------

--
-- Table structure for table `tbl_reset_password`
--

CREATE TABLE `tbl_reset_password` (
  `id` bigint(20) NOT NULL,
  `email` varchar(128) NOT NULL,
  `activation_id` varchar(32) NOT NULL,
  `agent` varchar(512) NOT NULL,
  `client_ip` varchar(32) NOT NULL,
  `isDeleted` tinyint(4) NOT NULL DEFAULT '0',
  `createdBy` bigint(20) NOT NULL DEFAULT '1',
  `createdDtm` datetime NOT NULL,
  `updatedBy` bigint(20) DEFAULT NULL,
  `updatedDtm` datetime DEFAULT NULL
) ENGINE=InnoDB DEFAULT CHARSET=utf8;

-- --------------------------------------------------------

--
-- Table structure for table `tbl_roles`
--

CREATE TABLE `tbl_roles` (
  `roleId` tinyint(4) NOT NULL COMMENT 'role id',
  `role` varchar(50) NOT NULL COMMENT 'role text'
) ENGINE=InnoDB DEFAULT CHARSET=utf8;

--
-- Dumping data for table `tbl_roles`
--

INSERT INTO `tbl_roles` (`roleId`, `role`) VALUES
(1, 'Administrator'),
(2, 'Game Master'),
(3, 'Player');

-- --------------------------------------------------------

--
-- Table structure for table `tbl_users`
--

CREATE TABLE `tbl_users` (
  `userId` int(11) NOT NULL,
  `email` varchar(128) NOT NULL COMMENT 'login email',
  `password` varchar(128) NOT NULL COMMENT 'hashed login password',
  `name` varchar(128) DEFAULT NULL COMMENT 'full name of user',
  `mobile` varchar(20) DEFAULT NULL,
  `roleId` tinyint(4) NOT NULL,
  `isDeleted` tinyint(4) NOT NULL DEFAULT '0',
  `createdBy` int(11) NOT NULL,
  `createdDtm` datetime NOT NULL,
  `updatedBy` int(11) DEFAULT NULL,
  `updatedDtm` datetime DEFAULT NULL
) ENGINE=InnoDB DEFAULT CHARSET=utf8;

--
-- Dumping data for table `tbl_users`
--

INSERT INTO `tbl_users` (`userId`, `email`, `password`, `name`, `mobile`, `roleId`, `isDeleted`, `createdBy`, `createdDtm`, `updatedBy`, `updatedDtm`) VALUES
(1, 'admin@example.com', '$2y$10$93XrqZUi4zJbeDfq5IDcC.7z6jYp0QFT0VgEssAeITnYhbANJ6wou', 'Jason Bock', '9890098900', 1, 0, 0, '2020-12-01 10:09:51', 1, '2021-02-20 08:11:06'),
(2, 'user@example.com', '$2y$10$Wa0GDp5g0sx49CTfo6La9uaR11hFzZvqt8EXKYCRnao04kxRVa4Wu', 'User', '9890098900', 3, 0, 1, '2020-12-01 10:11:20', 1, '2021-02-15 23:25:39'),
(3, 'mike@cnyattractions.com', '$2y$10$mMNTTY2NUX7967XfWtNazeSyMCuSCGDKHcxSFpPeptR3.6D7JdXmC', 'Mike Cirri', '6073162237', 2, 0, 1, '2021-03-24 14:34:01', NULL, NULL),
(4, 'jbock@lasertagguy.com', '$2y$10$IAswsFXiGLYksIknKDZsyuwTqgl2l2hXa5jSY3Y3eA8lBUw/O.CBC', 'Jason Bock Test Gm', '5183543093', 2, 0, 1, '2021-03-28 13:10:17', 1, '2021-03-29 07:00:15');

-- --------------------------------------------------------

--
-- Table structure for table `teams`
--

CREATE TABLE `teams` (
  `id` int(11) NOT NULL,
  `school_id` int(11) NOT NULL,
  `team_name` text NOT NULL,
  `players_count` int(11) NOT NULL,
  `same_device` int(1) NOT NULL DEFAULT '0',
  `room_id` int(11) NOT NULL,
  `captain` text NOT NULL,
  `members` text NOT NULL,
  `status_id` int(1) NOT NULL DEFAULT '1',
  `created` datetime NOT NULL,
  `room_exited` datetime DEFAULT NULL
) ENGINE=MyISAM DEFAULT CHARSET=utf8;

--
-- Dumping data for table `teams`
--

INSERT INTO `teams` (`id`, `school_id`, `team_name`, `players_count`, `same_device`, `room_id`, `captain`, `members`, `status_id`, `created`, `room_exited`) VALUES
(1, 1, 'Solo Team', 1, 0, 1, '', '', 1, '2021-04-13 16:03:13', NULL),
(2, 1, 'Solo Team', 1, 0, 1, '', '', 1, '2021-04-13 16:03:26', NULL),
(3, 1, 'Solo Team', 1, 0, 1, '', '', 1, '2021-04-13 16:03:35', NULL),
(4, 1, '333', 3, 0, 2, 'ddd', 'eee,fff', 1, '2021-04-13 16:03:55', NULL),
(5, 25, 'Hunt Team-3', 3, 0, 3, 'ddd', 'eee,fff', 1, '2021-05-27 06:40:23', NULL),
(6, 25, 'Solo Team', 1, 0, 4, '', '', 1, '2021-05-27 07:02:02', NULL),
(7, 25, 'Solo Team', 1, 0, 4, '', '', 1, '2021-05-27 07:16:48', NULL);

-- --------------------------------------------------------

--
-- Table structure for table `team_status`
--

CREATE TABLE `team_status` (
  `id` int(11) NOT NULL,
  `status` text NOT NULL
) ENGINE=MyISAM DEFAULT CHARSET=utf8;

--
-- Dumping data for table `team_status`
--

INSERT INTO `team_status` (`id`, `status`) VALUES
(1, 'Ready'),
(2, 'Playing'),
(3, 'Exited');

-- --------------------------------------------------------

--
-- Table structure for table `zoom_account`
--

CREATE TABLE `zoom_account` (
  `id` int(11) NOT NULL,
  `account_name` text NOT NULL,
  `created` datetime NOT NULL
) ENGINE=MyISAM DEFAULT CHARSET=utf8;

--
-- Dumping data for table `zoom_account`
--

INSERT INTO `zoom_account` (`id`, `account_name`, `created`) VALUES
(1, 'Alex\'s Zoom Account', '2021-03-23 10:53:24'),
(2, 'Marc\'s Zoom Account', '2021-03-23 10:56:49'),
(3, 'Mike\'s Zoom Account', '2021-03-24 19:40:10'),
(4, 'Test Zoom Account', '2021-03-31 18:08:39'),
(5, '12pm University of South Florida', '2021-04-02 18:23:08'),
(6, '4pm University of South Florida', '2021-04-02 18:23:20'),
(7, '10pm University of South Florida', '2021-04-02 18:23:29');

-- --------------------------------------------------------

--
-- Table structure for table `zoom_rooms`
--

CREATE TABLE `zoom_rooms` (
  `id` int(11) NOT NULL,
  `zoom_account_id` int(11) NOT NULL,
  `room_no` int(11) NOT NULL,
  `status_id` int(1) NOT NULL,
  `school_id` int(11) NOT NULL
) ENGINE=MyISAM DEFAULT CHARSET=utf8;

--
-- Dumping data for table `zoom_rooms`
--

INSERT INTO `zoom_rooms` (`id`, `zoom_account_id`, `room_no`, `status_id`, `school_id`) VALUES
(1, 1, 1, 3, 1),
(2, 1, 2, 2, 1),
(3, 1, 3, 2, 25),
(4, 1, 4, 3, 25),
(5, 1, 5, 1, 0),
(6, 1, 6, 1, 0),
(7, 1, 7, 1, 0),
(8, 1, 8, 1, 0),
(9, 1, 9, 1, 0),
(10, 1, 10, 1, 0),
(11, 1, 11, 1, 0),
(12, 1, 12, 1, 0),
(13, 1, 13, 1, 0),
(14, 1, 14, 1, 0),
(15, 1, 15, 1, 0),
(16, 1, 16, 1, 0),
(17, 1, 17, 1, 0),
(18, 1, 18, 1, 0),
(19, 1, 19, 1, 0),
(20, 1, 20, 1, 0),
(21, 1, 21, 1, 0),
(22, 1, 22, 1, 0),
(23, 1, 23, 1, 0),
(24, 1, 24, 1, 0),
(25, 1, 25, 1, 0),
(26, 1, 26, 1, 0),
(27, 1, 27, 1, 0),
(28, 1, 28, 1, 0),
(29, 1, 29, 1, 0),
(30, 1, 30, 1, 0),
(31, 1, 31, 1, 0),
(32, 1, 32, 1, 0),
(33, 1, 33, 1, 0),
(34, 1, 34, 1, 0),
(35, 1, 35, 1, 0),
(36, 1, 36, 1, 0),
(37, 1, 37, 1, 0),
(38, 1, 38, 1, 0),
(39, 1, 39, 1, 0),
(40, 1, 40, 1, 0),
(41, 1, 41, 1, 0),
(42, 1, 42, 1, 0),
(43, 1, 43, 1, 0),
(44, 1, 44, 1, 0),
(45, 1, 45, 1, 0),
(46, 1, 46, 1, 0),
(47, 1, 47, 1, 0),
(48, 1, 48, 1, 0),
(49, 1, 49, 1, 0),
(50, 1, 50, 1, 0),
(51, 2, 1, 1, 0),
(52, 2, 2, 1, 0),
(53, 2, 3, 1, 0),
(54, 2, 4, 1, 0),
(55, 2, 5, 1, 0),
(56, 2, 6, 1, 0),
(57, 2, 7, 1, 0),
(58, 2, 8, 1, 0),
(59, 2, 9, 1, 0),
(60, 2, 10, 1, 0),
(61, 2, 11, 1, 0),
(62, 2, 12, 1, 0),
(63, 2, 13, 1, 0),
(64, 2, 14, 1, 0),
(65, 2, 15, 1, 0),
(66, 2, 16, 1, 0),
(67, 2, 17, 1, 0),
(68, 2, 18, 1, 0),
(69, 2, 19, 1, 0),
(70, 2, 20, 1, 0),
(71, 2, 21, 1, 0),
(72, 2, 22, 1, 0),
(73, 2, 23, 1, 0),
(74, 2, 24, 1, 0),
(75, 2, 25, 1, 0),
(76, 2, 26, 1, 0),
(77, 2, 27, 1, 0),
(78, 2, 28, 1, 0),
(79, 2, 29, 1, 0),
(80, 2, 30, 1, 0),
(81, 2, 31, 1, 0),
(82, 2, 32, 1, 0),
(83, 2, 33, 1, 0),
(84, 2, 34, 1, 0),
(85, 2, 35, 1, 0),
(86, 2, 36, 1, 0),
(87, 2, 37, 1, 0),
(88, 2, 38, 1, 0),
(89, 2, 39, 1, 0),
(90, 2, 40, 1, 0),
(91, 2, 41, 1, 0),
(92, 2, 42, 1, 0),
(93, 2, 43, 1, 0),
(94, 2, 44, 1, 0),
(95, 2, 45, 1, 0),
(96, 2, 46, 1, 0),
(97, 2, 47, 1, 0),
(98, 2, 48, 1, 0),
(99, 2, 49, 1, 0),
(100, 2, 50, 1, 0),
(101, 3, 1, 1, 0),
(102, 3, 2, 1, 0),
(103, 3, 3, 1, 0),
(104, 3, 4, 1, 0),
(105, 3, 5, 1, 0),
(106, 3, 6, 1, 0),
(107, 3, 7, 1, 0),
(108, 3, 8, 1, 0),
(109, 3, 9, 1, 0),
(110, 3, 10, 1, 0),
(111, 3, 11, 1, 0),
(112, 3, 12, 1, 0),
(113, 3, 13, 1, 0),
(114, 3, 14, 1, 0),
(115, 3, 15, 1, 0),
(116, 3, 16, 1, 0),
(117, 3, 17, 1, 0),
(118, 3, 18, 1, 0),
(119, 3, 19, 1, 0),
(120, 3, 20, 1, 0),
(121, 3, 21, 1, 0),
(122, 3, 22, 1, 0),
(123, 3, 23, 1, 0),
(124, 3, 24, 1, 0),
(125, 3, 25, 1, 0),
(126, 3, 26, 1, 0),
(127, 3, 27, 1, 0),
(128, 3, 28, 1, 0),
(129, 3, 29, 1, 0),
(130, 3, 30, 1, 0),
(131, 3, 31, 1, 0),
(132, 3, 32, 1, 0),
(133, 3, 33, 1, 0),
(134, 3, 34, 1, 0),
(135, 3, 35, 1, 0),
(136, 3, 36, 1, 0),
(137, 3, 37, 1, 0),
(138, 3, 38, 1, 0),
(139, 3, 39, 1, 0),
(140, 3, 40, 1, 0),
(141, 3, 41, 1, 0),
(142, 3, 42, 1, 0),
(143, 3, 43, 1, 0),
(144, 3, 44, 1, 0),
(145, 3, 45, 1, 0),
(146, 3, 46, 1, 0),
(147, 3, 47, 1, 0),
(148, 3, 48, 1, 0),
(149, 3, 49, 1, 0),
(150, 3, 50, 1, 0),
(151, 4, 1, 1, 0),
(152, 4, 2, 1, 0),
(153, 4, 3, 1, 0),
(154, 4, 4, 1, 0),
(155, 4, 5, 1, 0),
(156, 4, 6, 1, 0),
(157, 4, 7, 1, 0),
(158, 4, 8, 1, 0),
(159, 4, 9, 1, 0),
(160, 4, 10, 1, 0),
(161, 4, 11, 1, 0),
(162, 4, 12, 1, 0),
(163, 4, 13, 1, 0),
(164, 4, 14, 1, 0),
(165, 4, 15, 1, 0),
(166, 4, 16, 1, 0),
(167, 4, 17, 1, 0),
(168, 4, 18, 1, 0),
(169, 4, 19, 1, 0),
(170, 4, 20, 1, 0),
(171, 4, 21, 1, 0),
(172, 4, 22, 1, 0),
(173, 4, 23, 1, 0),
(174, 4, 24, 1, 0),
(175, 4, 25, 1, 0),
(176, 4, 26, 1, 0),
(177, 4, 27, 1, 0),
(178, 4, 28, 1, 0),
(179, 4, 29, 1, 0),
(180, 4, 30, 1, 0),
(181, 4, 31, 1, 0),
(182, 4, 32, 1, 0),
(183, 4, 33, 1, 0),
(184, 4, 34, 1, 0),
(185, 4, 35, 1, 0),
(186, 4, 36, 1, 0),
(187, 4, 37, 1, 0),
(188, 4, 38, 1, 0),
(189, 4, 39, 1, 0),
(190, 4, 40, 1, 0),
(191, 4, 41, 1, 0),
(192, 4, 42, 1, 0),
(193, 4, 43, 1, 0),
(194, 4, 44, 1, 0),
(195, 4, 45, 1, 0),
(196, 4, 46, 1, 0),
(197, 4, 47, 1, 0),
(198, 4, 48, 1, 0),
(199, 4, 49, 1, 0),
(200, 4, 50, 1, 0),
(201, 5, 1, 1, 0),
(202, 5, 2, 1, 0),
(203, 5, 3, 1, 0),
(204, 5, 4, 1, 0),
(205, 5, 5, 1, 0),
(206, 5, 6, 1, 0),
(207, 5, 7, 1, 0),
(208, 5, 8, 1, 0),
(209, 5, 9, 1, 0),
(210, 5, 10, 1, 0),
(211, 5, 11, 1, 0),
(212, 5, 12, 1, 0),
(213, 5, 13, 1, 0),
(214, 5, 14, 1, 0),
(215, 5, 15, 1, 0),
(216, 5, 16, 1, 0),
(217, 5, 17, 1, 0),
(218, 5, 18, 1, 0),
(219, 5, 19, 1, 0),
(220, 5, 20, 1, 0),
(221, 5, 21, 1, 0),
(222, 5, 22, 1, 0),
(223, 5, 23, 1, 0),
(224, 5, 24, 1, 0),
(225, 5, 25, 1, 0),
(226, 5, 26, 1, 0),
(227, 5, 27, 1, 0),
(228, 5, 28, 1, 0),
(229, 5, 29, 1, 0),
(230, 5, 30, 1, 0),
(231, 5, 31, 1, 0),
(232, 5, 32, 1, 0),
(233, 5, 33, 1, 0),
(234, 5, 34, 1, 0),
(235, 5, 35, 1, 0),
(236, 5, 36, 1, 0),
(237, 5, 37, 1, 0),
(238, 5, 38, 1, 0),
(239, 5, 39, 1, 0),
(240, 5, 40, 1, 0),
(241, 5, 41, 1, 0),
(242, 5, 42, 1, 0),
(243, 5, 43, 1, 0),
(244, 5, 44, 1, 0),
(245, 5, 45, 1, 0),
(246, 5, 46, 1, 0),
(247, 5, 47, 1, 0),
(248, 5, 48, 1, 0),
(249, 5, 49, 1, 0),
(250, 5, 50, 1, 0),
(251, 6, 1, 1, 0),
(252, 6, 2, 1, 0),
(253, 6, 3, 1, 0),
(254, 6, 4, 1, 0),
(255, 6, 5, 1, 0),
(256, 6, 6, 1, 0),
(257, 6, 7, 1, 0),
(258, 6, 8, 1, 0),
(259, 6, 9, 1, 0),
(260, 6, 10, 1, 0),
(261, 6, 11, 1, 0),
(262, 6, 12, 1, 0),
(263, 6, 13, 1, 0),
(264, 6, 14, 1, 0),
(265, 6, 15, 1, 0),
(266, 6, 16, 1, 0),
(267, 6, 17, 1, 0),
(268, 6, 18, 1, 0),
(269, 6, 19, 1, 0),
(270, 6, 20, 1, 0),
(271, 6, 21, 1, 0),
(272, 6, 22, 1, 0),
(273, 6, 23, 1, 0),
(274, 6, 24, 1, 0),
(275, 6, 25, 1, 0),
(276, 6, 26, 1, 0),
(277, 6, 27, 1, 0),
(278, 6, 28, 1, 0),
(279, 6, 29, 1, 0),
(280, 6, 30, 1, 0),
(281, 6, 31, 1, 0),
(282, 6, 32, 1, 0),
(283, 6, 33, 1, 0),
(284, 6, 34, 1, 0),
(285, 6, 35, 1, 0),
(286, 6, 36, 1, 0),
(287, 6, 37, 1, 0),
(288, 6, 38, 1, 0),
(289, 6, 39, 1, 0),
(290, 6, 40, 1, 0),
(291, 6, 41, 1, 0),
(292, 6, 42, 1, 0),
(293, 6, 43, 1, 0),
(294, 6, 44, 1, 0),
(295, 6, 45, 1, 0),
(296, 6, 46, 1, 0),
(297, 6, 47, 1, 0),
(298, 6, 48, 1, 0),
(299, 6, 49, 1, 0),
(300, 6, 50, 1, 0),
(301, 7, 1, 1, 0),
(302, 7, 2, 1, 0),
(303, 7, 3, 1, 0),
(304, 7, 4, 1, 0),
(305, 7, 5, 1, 0),
(306, 7, 6, 1, 0),
(307, 7, 7, 1, 0),
(308, 7, 8, 1, 0),
(309, 7, 9, 1, 0),
(310, 7, 10, 1, 0),
(311, 7, 11, 1, 0),
(312, 7, 12, 1, 0),
(313, 7, 13, 1, 0),
(314, 7, 14, 1, 0),
(315, 7, 15, 1, 0),
(316, 7, 16, 1, 0),
(317, 7, 17, 1, 0),
(318, 7, 18, 1, 0),
(319, 7, 19, 1, 0),
(320, 7, 20, 1, 0),
(321, 7, 21, 1, 0),
(322, 7, 22, 1, 0),
(323, 7, 23, 1, 0),
(324, 7, 24, 1, 0),
(325, 7, 25, 1, 0),
(326, 7, 26, 1, 0),
(327, 7, 27, 1, 0),
(328, 7, 28, 1, 0),
(329, 7, 29, 1, 0),
(330, 7, 30, 1, 0),
(331, 7, 31, 1, 0),
(332, 7, 32, 1, 0),
(333, 7, 33, 1, 0),
(334, 7, 34, 1, 0),
(335, 7, 35, 1, 0),
(336, 7, 36, 1, 0),
(337, 7, 37, 1, 0),
(338, 7, 38, 1, 0),
(339, 7, 39, 1, 0),
(340, 7, 40, 1, 0),
(341, 7, 41, 1, 0),
(342, 7, 42, 1, 0),
(343, 7, 43, 1, 0),
(344, 7, 44, 1, 0),
(345, 7, 45, 1, 0),
(346, 7, 46, 1, 0),
(347, 7, 47, 1, 0),
(348, 7, 48, 1, 0),
(349, 7, 49, 1, 0),
(350, 7, 50, 1, 0);

-- --------------------------------------------------------

--
-- Table structure for table `zoom_rooms_log`
--

CREATE TABLE `zoom_rooms_log` (
  `id` int(11) NOT NULL,
  `room_id` int(11) NOT NULL,
  `school_id` int(11) NOT NULL,
  `team_id` int(11) NOT NULL,
  `status_id` int(11) NOT NULL,
  `room_closed` datetime DEFAULT NULL
) ENGINE=MyISAM DEFAULT CHARSET=utf8;

--
-- Dumping data for table `zoom_rooms_log`
--

INSERT INTO `zoom_rooms_log` (`id`, `room_id`, `school_id`, `team_id`, `status_id`, `room_closed`) VALUES
(1, 1, 1, 1, 3, NULL),
(2, 1, 1, 2, 3, NULL),
(3, 1, 1, 3, 3, NULL),
(4, 2, 1, 4, 2, NULL),
(5, 3, 25, 5, 2, NULL),
(6, 4, 25, 6, 3, NULL),
(7, 4, 25, 7, 3, NULL);

--
-- Indexes for dumped tables
--

--
-- Indexes for table `challenges`
--
ALTER TABLE `challenges`
  ADD PRIMARY KEY (`id`);

--
-- Indexes for table `challenge_judge`
--
ALTER TABLE `challenge_judge`
  ADD PRIMARY KEY (`id`);

--
-- Indexes for table `challenge_status`
--
ALTER TABLE `challenge_status`
  ADD PRIMARY KEY (`id`);

--
-- Indexes for table `challenge_types`
--
ALTER TABLE `challenge_types`
  ADD PRIMARY KEY (`id`);

--
-- Indexes for table `chg_databank`
--
ALTER TABLE `chg_databank`
  ADD PRIMARY KEY (`id`);

--
-- Indexes for table `ci_sessions`
--
ALTER TABLE `ci_sessions`
  ADD PRIMARY KEY (`session_id`),
  ADD KEY `last_activity_idx` (`last_activity`);

--
-- Indexes for table `hunt_delivery`
--
ALTER TABLE `hunt_delivery`
  ADD PRIMARY KEY (`id`);

--
-- Indexes for table `hunt_gamecode`
--
ALTER TABLE `hunt_gamecode`
  ADD PRIMARY KEY (`id`);

--
-- Indexes for table `hunt_infos`
--
ALTER TABLE `hunt_infos`
  ADD PRIMARY KEY (`id`);

--
-- Indexes for table `hunt_status`
--
ALTER TABLE `hunt_status`
  ADD PRIMARY KEY (`id`);

--
-- Indexes for table `hunt_types`
--
ALTER TABLE `hunt_types`
  ADD PRIMARY KEY (`id`);

--
-- Indexes for table `players`
--
ALTER TABLE `players`
  ADD PRIMARY KEY (`id`);

--
-- Indexes for table `room_status`
--
ALTER TABLE `room_status`
  ADD PRIMARY KEY (`id`);

--
-- Indexes for table `schools`
--
ALTER TABLE `schools`
  ADD PRIMARY KEY (`id`);

--
-- Indexes for table `tbl_last_login`
--
ALTER TABLE `tbl_last_login`
  ADD PRIMARY KEY (`id`);

--
-- Indexes for table `tbl_reset_password`
--
ALTER TABLE `tbl_reset_password`
  ADD PRIMARY KEY (`id`);

--
-- Indexes for table `tbl_roles`
--
ALTER TABLE `tbl_roles`
  ADD PRIMARY KEY (`roleId`);

--
-- Indexes for table `tbl_users`
--
ALTER TABLE `tbl_users`
  ADD PRIMARY KEY (`userId`);

--
-- Indexes for table `teams`
--
ALTER TABLE `teams`
  ADD PRIMARY KEY (`id`);

--
-- Indexes for table `team_status`
--
ALTER TABLE `team_status`
  ADD PRIMARY KEY (`id`);

--
-- Indexes for table `zoom_account`
--
ALTER TABLE `zoom_account`
  ADD PRIMARY KEY (`id`);

--
-- Indexes for table `zoom_rooms`
--
ALTER TABLE `zoom_rooms`
  ADD PRIMARY KEY (`id`);

--
-- Indexes for table `zoom_rooms_log`
--
ALTER TABLE `zoom_rooms_log`
  ADD PRIMARY KEY (`id`);

--
-- AUTO_INCREMENT for dumped tables
--

--
-- AUTO_INCREMENT for table `challenges`
--
ALTER TABLE `challenges`
  MODIFY `id` int(11) NOT NULL AUTO_INCREMENT, AUTO_INCREMENT=14;

--
-- AUTO_INCREMENT for table `challenge_judge`
--
ALTER TABLE `challenge_judge`
  MODIFY `id` int(11) NOT NULL AUTO_INCREMENT, AUTO_INCREMENT=11;

--
-- AUTO_INCREMENT for table `challenge_status`
--
ALTER TABLE `challenge_status`
  MODIFY `id` int(11) NOT NULL AUTO_INCREMENT, AUTO_INCREMENT=4;

--
-- AUTO_INCREMENT for table `challenge_types`
--
ALTER TABLE `challenge_types`
  MODIFY `id` int(11) NOT NULL AUTO_INCREMENT, AUTO_INCREMENT=6;

--
-- AUTO_INCREMENT for table `chg_databank`
--
ALTER TABLE `chg_databank`
  MODIFY `id` int(11) NOT NULL AUTO_INCREMENT, AUTO_INCREMENT=2;

--
-- AUTO_INCREMENT for table `hunt_delivery`
--
ALTER TABLE `hunt_delivery`
  MODIFY `id` int(11) NOT NULL AUTO_INCREMENT, AUTO_INCREMENT=3;

--
-- AUTO_INCREMENT for table `hunt_gamecode`
--
ALTER TABLE `hunt_gamecode`
  MODIFY `id` int(11) NOT NULL AUTO_INCREMENT, AUTO_INCREMENT=7;

--
-- AUTO_INCREMENT for table `hunt_infos`
--
ALTER TABLE `hunt_infos`
  MODIFY `id` int(11) NOT NULL AUTO_INCREMENT, AUTO_INCREMENT=5;

--
-- AUTO_INCREMENT for table `hunt_status`
--
ALTER TABLE `hunt_status`
  MODIFY `id` int(11) NOT NULL AUTO_INCREMENT, AUTO_INCREMENT=5;

--
-- AUTO_INCREMENT for table `hunt_types`
--
ALTER TABLE `hunt_types`
  MODIFY `id` int(11) NOT NULL AUTO_INCREMENT, AUTO_INCREMENT=4;

--
-- AUTO_INCREMENT for table `players`
--
ALTER TABLE `players`
  MODIFY `id` int(11) NOT NULL AUTO_INCREMENT, AUTO_INCREMENT=10;

--
-- AUTO_INCREMENT for table `room_status`
--
ALTER TABLE `room_status`
  MODIFY `id` int(11) NOT NULL AUTO_INCREMENT, AUTO_INCREMENT=7;

--
-- AUTO_INCREMENT for table `schools`
--
ALTER TABLE `schools`
  MODIFY `id` int(11) NOT NULL AUTO_INCREMENT, AUTO_INCREMENT=26;

--
-- AUTO_INCREMENT for table `tbl_last_login`
--
ALTER TABLE `tbl_last_login`
  MODIFY `id` bigint(20) NOT NULL AUTO_INCREMENT, AUTO_INCREMENT=109;

--
-- AUTO_INCREMENT for table `tbl_reset_password`
--
ALTER TABLE `tbl_reset_password`
  MODIFY `id` bigint(20) NOT NULL AUTO_INCREMENT;

--
-- AUTO_INCREMENT for table `tbl_roles`
--
ALTER TABLE `tbl_roles`
  MODIFY `roleId` tinyint(4) NOT NULL AUTO_INCREMENT COMMENT 'role id', AUTO_INCREMENT=4;

--
-- AUTO_INCREMENT for table `tbl_users`
--
ALTER TABLE `tbl_users`
  MODIFY `userId` int(11) NOT NULL AUTO_INCREMENT, AUTO_INCREMENT=5;

--
-- AUTO_INCREMENT for table `teams`
--
ALTER TABLE `teams`
  MODIFY `id` int(11) NOT NULL AUTO_INCREMENT, AUTO_INCREMENT=8;

--
-- AUTO_INCREMENT for table `team_status`
--
ALTER TABLE `team_status`
  MODIFY `id` int(11) NOT NULL AUTO_INCREMENT, AUTO_INCREMENT=4;

--
-- AUTO_INCREMENT for table `zoom_account`
--
ALTER TABLE `zoom_account`
  MODIFY `id` int(11) NOT NULL AUTO_INCREMENT, AUTO_INCREMENT=8;

--
-- AUTO_INCREMENT for table `zoom_rooms`
--
ALTER TABLE `zoom_rooms`
  MODIFY `id` int(11) NOT NULL AUTO_INCREMENT, AUTO_INCREMENT=351;

--
-- AUTO_INCREMENT for table `zoom_rooms_log`
--
ALTER TABLE `zoom_rooms_log`
  MODIFY `id` int(11) NOT NULL AUTO_INCREMENT, AUTO_INCREMENT=8;
COMMIT;

/*!40101 SET CHARACTER_SET_CLIENT=@OLD_CHARACTER_SET_CLIENT */;
/*!40101 SET CHARACTER_SET_RESULTS=@OLD_CHARACTER_SET_RESULTS */;
/*!40101 SET COLLATION_CONNECTION=@OLD_COLLATION_CONNECTION */;
